--
-- PostgreSQL database dump
--

-- Dumped from database version 17.0
-- Dumped by pg_dump version 17.0

SET statement_timeout = 0;
SET lock_timeout = 0;
SET idle_in_transaction_session_timeout = 0;
SET transaction_timeout = 0;
SET client_encoding = 'UTF8';
SET standard_conforming_strings = on;
SELECT pg_catalog.set_config('search_path', '', false);
SET check_function_bodies = false;
SET xmloption = content;
SET client_min_messages = warning;
SET row_security = off;

SET default_tablespace = '';

SET default_table_access_method = heap;

--
-- Name: auth_group; Type: TABLE; Schema: public; Owner: postgres
--

CREATE TABLE public.auth_group (
    id integer NOT NULL,
    name character varying(150) NOT NULL
);


ALTER TABLE public.auth_group OWNER TO postgres;

--
-- Name: auth_group_id_seq; Type: SEQUENCE; Schema: public; Owner: postgres
--

ALTER TABLE public.auth_group ALTER COLUMN id ADD GENERATED BY DEFAULT AS IDENTITY (
    SEQUENCE NAME public.auth_group_id_seq
    START WITH 1
    INCREMENT BY 1
    NO MINVALUE
    NO MAXVALUE
    CACHE 1
);


--
-- Name: auth_group_permissions; Type: TABLE; Schema: public; Owner: postgres
--

CREATE TABLE public.auth_group_permissions (
    id bigint NOT NULL,
    group_id integer NOT NULL,
    permission_id integer NOT NULL
);


ALTER TABLE public.auth_group_permissions OWNER TO postgres;

--
-- Name: auth_group_permissions_id_seq; Type: SEQUENCE; Schema: public; Owner: postgres
--

ALTER TABLE public.auth_group_permissions ALTER COLUMN id ADD GENERATED BY DEFAULT AS IDENTITY (
    SEQUENCE NAME public.auth_group_permissions_id_seq
    START WITH 1
    INCREMENT BY 1
    NO MINVALUE
    NO MAXVALUE
    CACHE 1
);


--
-- Name: auth_permission; Type: TABLE; Schema: public; Owner: postgres
--

CREATE TABLE public.auth_permission (
    id integer NOT NULL,
    name character varying(255) NOT NULL,
    content_type_id integer NOT NULL,
    codename character varying(100) NOT NULL
);


ALTER TABLE public.auth_permission OWNER TO postgres;

--
-- Name: auth_permission_id_seq; Type: SEQUENCE; Schema: public; Owner: postgres
--

ALTER TABLE public.auth_permission ALTER COLUMN id ADD GENERATED BY DEFAULT AS IDENTITY (
    SEQUENCE NAME public.auth_permission_id_seq
    START WITH 1
    INCREMENT BY 1
    NO MINVALUE
    NO MAXVALUE
    CACHE 1
);


--
-- Name: auth_user; Type: TABLE; Schema: public; Owner: postgres
--

CREATE TABLE public.auth_user (
    id integer NOT NULL,
    password character varying(128) NOT NULL,
    last_login timestamp with time zone,
    is_superuser boolean NOT NULL,
    username character varying(150) NOT NULL,
    first_name character varying(150) NOT NULL,
    last_name character varying(150) NOT NULL,
    email character varying(254) NOT NULL,
    is_staff boolean NOT NULL,
    is_active boolean NOT NULL,
    date_joined timestamp with time zone NOT NULL
);


ALTER TABLE public.auth_user OWNER TO postgres;

--
-- Name: auth_user_groups; Type: TABLE; Schema: public; Owner: postgres
--

CREATE TABLE public.auth_user_groups (
    id bigint NOT NULL,
    user_id integer NOT NULL,
    group_id integer NOT NULL
);


ALTER TABLE public.auth_user_groups OWNER TO postgres;

--
-- Name: auth_user_groups_id_seq; Type: SEQUENCE; Schema: public; Owner: postgres
--

ALTER TABLE public.auth_user_groups ALTER COLUMN id ADD GENERATED BY DEFAULT AS IDENTITY (
    SEQUENCE NAME public.auth_user_groups_id_seq
    START WITH 1
    INCREMENT BY 1
    NO MINVALUE
    NO MAXVALUE
    CACHE 1
);


--
-- Name: auth_user_id_seq; Type: SEQUENCE; Schema: public; Owner: postgres
--

ALTER TABLE public.auth_user ALTER COLUMN id ADD GENERATED BY DEFAULT AS IDENTITY (
    SEQUENCE NAME public.auth_user_id_seq
    START WITH 1
    INCREMENT BY 1
    NO MINVALUE
    NO MAXVALUE
    CACHE 1
);


--
-- Name: auth_user_user_permissions; Type: TABLE; Schema: public; Owner: postgres
--

CREATE TABLE public.auth_user_user_permissions (
    id bigint NOT NULL,
    user_id integer NOT NULL,
    permission_id integer NOT NULL
);


ALTER TABLE public.auth_user_user_permissions OWNER TO postgres;

--
-- Name: auth_user_user_permissions_id_seq; Type: SEQUENCE; Schema: public; Owner: postgres
--

ALTER TABLE public.auth_user_user_permissions ALTER COLUMN id ADD GENERATED BY DEFAULT AS IDENTITY (
    SEQUENCE NAME public.auth_user_user_permissions_id_seq
    START WITH 1
    INCREMENT BY 1
    NO MINVALUE
    NO MAXVALUE
    CACHE 1
);


--
-- Name: django_admin_log; Type: TABLE; Schema: public; Owner: postgres
--

CREATE TABLE public.django_admin_log (
    id integer NOT NULL,
    action_time timestamp with time zone NOT NULL,
    object_id text,
    object_repr character varying(200) NOT NULL,
    action_flag smallint NOT NULL,
    change_message text NOT NULL,
    content_type_id integer,
    user_id integer NOT NULL,
    CONSTRAINT django_admin_log_action_flag_check CHECK ((action_flag >= 0))
);


ALTER TABLE public.django_admin_log OWNER TO postgres;

--
-- Name: django_admin_log_id_seq; Type: SEQUENCE; Schema: public; Owner: postgres
--

ALTER TABLE public.django_admin_log ALTER COLUMN id ADD GENERATED BY DEFAULT AS IDENTITY (
    SEQUENCE NAME public.django_admin_log_id_seq
    START WITH 1
    INCREMENT BY 1
    NO MINVALUE
    NO MAXVALUE
    CACHE 1
);


--
-- Name: django_content_type; Type: TABLE; Schema: public; Owner: postgres
--

CREATE TABLE public.django_content_type (
    id integer NOT NULL,
    app_label character varying(100) NOT NULL,
    model character varying(100) NOT NULL
);


ALTER TABLE public.django_content_type OWNER TO postgres;

--
-- Name: django_content_type_id_seq; Type: SEQUENCE; Schema: public; Owner: postgres
--

ALTER TABLE public.django_content_type ALTER COLUMN id ADD GENERATED BY DEFAULT AS IDENTITY (
    SEQUENCE NAME public.django_content_type_id_seq
    START WITH 1
    INCREMENT BY 1
    NO MINVALUE
    NO MAXVALUE
    CACHE 1
);


--
-- Name: django_migrations; Type: TABLE; Schema: public; Owner: postgres
--

CREATE TABLE public.django_migrations (
    id bigint NOT NULL,
    app character varying(255) NOT NULL,
    name character varying(255) NOT NULL,
    applied timestamp with time zone NOT NULL
);


ALTER TABLE public.django_migrations OWNER TO postgres;

--
-- Name: django_migrations_id_seq; Type: SEQUENCE; Schema: public; Owner: postgres
--

ALTER TABLE public.django_migrations ALTER COLUMN id ADD GENERATED BY DEFAULT AS IDENTITY (
    SEQUENCE NAME public.django_migrations_id_seq
    START WITH 1
    INCREMENT BY 1
    NO MINVALUE
    NO MAXVALUE
    CACHE 1
);


--
-- Name: django_session; Type: TABLE; Schema: public; Owner: postgres
--

CREATE TABLE public.django_session (
    session_key character varying(40) NOT NULL,
    session_data text NOT NULL,
    expire_date timestamp with time zone NOT NULL
);


ALTER TABLE public.django_session OWNER TO postgres;

--
-- Name: web_abastecimiento_agua; Type: TABLE; Schema: public; Owner: postgres
--

CREATE TABLE public.web_abastecimiento_agua (
    id bigint NOT NULL,
    nombres character varying(40) NOT NULL,
    apellidos character varying(40) NOT NULL,
    cedula character varying(10) NOT NULL,
    ltrs_agua character varying(10) NOT NULL,
    personas_atendidas character varying(10) NOT NULL,
    descripcion character varying(40) NOT NULL,
    material_utilizado character varying(40) NOT NULL,
    status character varying(20) NOT NULL,
    id_procedimiento_id bigint NOT NULL,
    id_tipo_servicio_id bigint NOT NULL
);


ALTER TABLE public.web_abastecimiento_agua OWNER TO postgres;

--
-- Name: web_abastecimiento_agua_id_seq; Type: SEQUENCE; Schema: public; Owner: postgres
--

ALTER TABLE public.web_abastecimiento_agua ALTER COLUMN id ADD GENERATED BY DEFAULT AS IDENTITY (
    SEQUENCE NAME public.web_abastecimiento_agua_id_seq
    START WITH 1
    INCREMENT BY 1
    NO MINVALUE
    NO MAXVALUE
    CACHE 1
);


--
-- Name: web_accidentes_transito; Type: TABLE; Schema: public; Owner: postgres
--

CREATE TABLE public.web_accidentes_transito (
    id bigint NOT NULL,
    cantidad_lesionados character varying(20) NOT NULL,
    material_utilizado character varying(30) NOT NULL,
    status character varying(20) NOT NULL,
    id_atencion_id bigint NOT NULL,
    tipo_de_accidente_id bigint NOT NULL
);


ALTER TABLE public.web_accidentes_transito OWNER TO postgres;

--
-- Name: web_accidentes_transito_id_seq; Type: SEQUENCE; Schema: public; Owner: postgres
--

ALTER TABLE public.web_accidentes_transito ALTER COLUMN id ADD GENERATED BY DEFAULT AS IDENTITY (
    SEQUENCE NAME public.web_accidentes_transito_id_seq
    START WITH 1
    INCREMENT BY 1
    NO MINVALUE
    NO MAXVALUE
    CACHE 1
);


--
-- Name: web_apoyo_unidades; Type: TABLE; Schema: public; Owner: postgres
--

CREATE TABLE public.web_apoyo_unidades (
    id bigint NOT NULL,
    unidad_apoyada character varying(50) NOT NULL,
    descripcion character varying(50) NOT NULL,
    material_utilizado character varying(50) NOT NULL,
    status character varying(50) NOT NULL,
    id_procedimiento_id bigint NOT NULL,
    id_tipo_apoyo_id bigint NOT NULL
);


ALTER TABLE public.web_apoyo_unidades OWNER TO postgres;

--
-- Name: web_apoyo_unidades_id_seq; Type: SEQUENCE; Schema: public; Owner: postgres
--

ALTER TABLE public.web_apoyo_unidades ALTER COLUMN id ADD GENERATED BY DEFAULT AS IDENTITY (
    SEQUENCE NAME public.web_apoyo_unidades_id_seq
    START WITH 1
    INCREMENT BY 1
    NO MINVALUE
    NO MAXVALUE
    CACHE 1
);


--
-- Name: web_artificios_pirotecnicos; Type: TABLE; Schema: public; Owner: postgres
--

CREATE TABLE public.web_artificios_pirotecnicos (
    id bigint NOT NULL,
    nombre_comercio character varying(60) NOT NULL,
    rif_comerciante character varying(60) NOT NULL,
    id_procedimiento_id bigint NOT NULL,
    tipo_procedimiento_id bigint NOT NULL
);


ALTER TABLE public.web_artificios_pirotecnicos OWNER TO postgres;

--
-- Name: web_artificios_pirotecnicos_id_seq; Type: SEQUENCE; Schema: public; Owner: postgres
--

ALTER TABLE public.web_artificios_pirotecnicos ALTER COLUMN id ADD GENERATED BY DEFAULT AS IDENTITY (
    SEQUENCE NAME public.web_artificios_pirotecnicos_id_seq
    START WITH 1
    INCREMENT BY 1
    NO MINVALUE
    NO MAXVALUE
    CACHE 1
);


--
-- Name: web_asesoramiento; Type: TABLE; Schema: public; Owner: postgres
--

CREATE TABLE public.web_asesoramiento (
    id bigint NOT NULL,
    nombres character varying(50) NOT NULL,
    apellidos character varying(30) NOT NULL,
    cedula character varying(10) NOT NULL,
    telefono character varying(12) NOT NULL,
    descripcion character varying(40) NOT NULL,
    material_utilizado character varying(30) NOT NULL,
    status character varying(20) NOT NULL,
    id_procedimiento_id bigint NOT NULL,
    nombre_comercio character varying(50) NOT NULL,
    rif_comercio character varying(50) NOT NULL,
    sexo character varying(12) NOT NULL
);


ALTER TABLE public.web_asesoramiento OWNER TO postgres;

--
-- Name: web_asesoramiento_id_seq; Type: SEQUENCE; Schema: public; Owner: postgres
--

ALTER TABLE public.web_asesoramiento ALTER COLUMN id ADD GENERATED BY DEFAULT AS IDENTITY (
    SEQUENCE NAME public.web_asesoramiento_id_seq
    START WITH 1
    INCREMENT BY 1
    NO MINVALUE
    NO MAXVALUE
    CACHE 1
);


--
-- Name: web_atenciones_paramedicas; Type: TABLE; Schema: public; Owner: postgres
--

CREATE TABLE public.web_atenciones_paramedicas (
    id bigint NOT NULL,
    tipo_atencion character varying(30) NOT NULL,
    id_procedimientos_id bigint NOT NULL
);


ALTER TABLE public.web_atenciones_paramedicas OWNER TO postgres;

--
-- Name: web_atenciones_paramedicas_id_seq; Type: SEQUENCE; Schema: public; Owner: postgres
--

ALTER TABLE public.web_atenciones_paramedicas ALTER COLUMN id ADD GENERATED BY DEFAULT AS IDENTITY (
    SEQUENCE NAME public.web_atenciones_paramedicas_id_seq
    START WITH 1
    INCREMENT BY 1
    NO MINVALUE
    NO MAXVALUE
    CACHE 1
);


--
-- Name: web_atendido_no_efectuado; Type: TABLE; Schema: public; Owner: postgres
--

CREATE TABLE public.web_atendido_no_efectuado (
    id bigint NOT NULL,
    descripcion character varying(50) NOT NULL,
    material_utilizado character varying(50) NOT NULL,
    status character varying(50) NOT NULL,
    id_procedimiento_id bigint NOT NULL
);


ALTER TABLE public.web_atendido_no_efectuado OWNER TO postgres;

--
-- Name: web_atendido_no_efectuado_id_seq; Type: SEQUENCE; Schema: public; Owner: postgres
--

ALTER TABLE public.web_atendido_no_efectuado ALTER COLUMN id ADD GENERATED BY DEFAULT AS IDENTITY (
    SEQUENCE NAME public.web_atendido_no_efectuado_id_seq
    START WITH 1
    INCREMENT BY 1
    NO MINVALUE
    NO MAXVALUE
    CACHE 1
);


--
-- Name: web_despliegue_seguridad; Type: TABLE; Schema: public; Owner: postgres
--

CREATE TABLE public.web_despliegue_seguridad (
    id bigint NOT NULL,
    descripcion character varying(50) NOT NULL,
    material_utilizado character varying(50) NOT NULL,
    status character varying(50) NOT NULL,
    motivo_despliegue_id bigint NOT NULL,
    id_procedimiento_id bigint NOT NULL
);


ALTER TABLE public.web_despliegue_seguridad OWNER TO postgres;

--
-- Name: web_despliegue_seguridad_id_seq; Type: SEQUENCE; Schema: public; Owner: postgres
--

ALTER TABLE public.web_despliegue_seguridad ALTER COLUMN id ADD GENERATED BY DEFAULT AS IDENTITY (
    SEQUENCE NAME public.web_despliegue_seguridad_id_seq
    START WITH 1
    INCREMENT BY 1
    NO MINVALUE
    NO MAXVALUE
    CACHE 1
);


--
-- Name: web_detalles_enfermeria; Type: TABLE; Schema: public; Owner: postgres
--

CREATE TABLE public.web_detalles_enfermeria (
    id bigint NOT NULL,
    nombre character varying(80) NOT NULL,
    apellido character varying(80) NOT NULL,
    cedula character varying(12) NOT NULL,
    edad character varying(3) NOT NULL,
    sexo character varying(20) NOT NULL,
    telefono character varying(40) NOT NULL,
    descripcion character varying(120) NOT NULL,
    material_utilizado character varying(60) NOT NULL,
    status character varying(15) NOT NULL,
    id_procedimientos_id bigint NOT NULL
);


ALTER TABLE public.web_detalles_enfermeria OWNER TO postgres;

--
-- Name: web_detalles_enfermeria_id_seq; Type: SEQUENCE; Schema: public; Owner: postgres
--

ALTER TABLE public.web_detalles_enfermeria ALTER COLUMN id ADD GENERATED BY DEFAULT AS IDENTITY (
    SEQUENCE NAME public.web_detalles_enfermeria_id_seq
    START WITH 1
    INCREMENT BY 1
    NO MINVALUE
    NO MAXVALUE
    CACHE 1
);


--
-- Name: web_detalles_vehiculos; Type: TABLE; Schema: public; Owner: postgres
--

CREATE TABLE public.web_detalles_vehiculos (
    id bigint NOT NULL,
    modelo character varying(40) NOT NULL,
    marca character varying(40) NOT NULL,
    color character varying(40) NOT NULL,
    "a単o" character varying(40) NOT NULL,
    placas character varying(40) NOT NULL,
    id_vehiculo_id bigint NOT NULL
);


ALTER TABLE public.web_detalles_vehiculos OWNER TO postgres;

--
-- Name: web_detalles_vehiculos_accidente; Type: TABLE; Schema: public; Owner: postgres
--

CREATE TABLE public.web_detalles_vehiculos_accidente (
    id bigint NOT NULL,
    modelo character varying(40) NOT NULL,
    marca character varying(40) NOT NULL,
    color character varying(40) NOT NULL,
    "a単o" character varying(40) NOT NULL,
    placas character varying(40) NOT NULL,
    id_vehiculo_id bigint NOT NULL
);


ALTER TABLE public.web_detalles_vehiculos_accidente OWNER TO postgres;

--
-- Name: web_detalles_vehiculos_accidente_id_seq; Type: SEQUENCE; Schema: public; Owner: postgres
--

ALTER TABLE public.web_detalles_vehiculos_accidente ALTER COLUMN id ADD GENERATED BY DEFAULT AS IDENTITY (
    SEQUENCE NAME public.web_detalles_vehiculos_accidente_id_seq
    START WITH 1
    INCREMENT BY 1
    NO MINVALUE
    NO MAXVALUE
    CACHE 1
);


--
-- Name: web_detalles_vehiculos_art; Type: TABLE; Schema: public; Owner: postgres
--

CREATE TABLE public.web_detalles_vehiculos_art (
    id bigint NOT NULL,
    modelo character varying(40) NOT NULL,
    marca character varying(40) NOT NULL,
    color character varying(40) NOT NULL,
    "a単o" character varying(40) NOT NULL,
    placas character varying(40) NOT NULL,
    id_vehiculo_id bigint NOT NULL
);


ALTER TABLE public.web_detalles_vehiculos_art OWNER TO postgres;

--
-- Name: web_detalles_vehiculos_art_id_seq; Type: SEQUENCE; Schema: public; Owner: postgres
--

ALTER TABLE public.web_detalles_vehiculos_art ALTER COLUMN id ADD GENERATED BY DEFAULT AS IDENTITY (
    SEQUENCE NAME public.web_detalles_vehiculos_art_id_seq
    START WITH 1
    INCREMENT BY 1
    NO MINVALUE
    NO MAXVALUE
    CACHE 1
);


--
-- Name: web_detalles_vehiculos_id_seq; Type: SEQUENCE; Schema: public; Owner: postgres
--

ALTER TABLE public.web_detalles_vehiculos ALTER COLUMN id ADD GENERATED BY DEFAULT AS IDENTITY (
    SEQUENCE NAME public.web_detalles_vehiculos_id_seq
    START WITH 1
    INCREMENT BY 1
    NO MINVALUE
    NO MAXVALUE
    CACHE 1
);


--
-- Name: web_divisiones; Type: TABLE; Schema: public; Owner: postgres
--

CREATE TABLE public.web_divisiones (
    id bigint NOT NULL,
    division character varying(20) NOT NULL
);


ALTER TABLE public.web_divisiones OWNER TO postgres;

--
-- Name: web_divisiones_id_seq; Type: SEQUENCE; Schema: public; Owner: postgres
--

ALTER TABLE public.web_divisiones ALTER COLUMN id ADD GENERATED BY DEFAULT AS IDENTITY (
    SEQUENCE NAME public.web_divisiones_id_seq
    START WITH 1
    INCREMENT BY 1
    NO MINVALUE
    NO MAXVALUE
    CACHE 1
);


--
-- Name: web_doctores; Type: TABLE; Schema: public; Owner: postgres
--

CREATE TABLE public.web_doctores (
    id bigint NOT NULL,
    doctor character varying(80) NOT NULL
);


ALTER TABLE public.web_doctores OWNER TO postgres;

--
-- Name: web_doctores_id_seq; Type: SEQUENCE; Schema: public; Owner: postgres
--

ALTER TABLE public.web_doctores ALTER COLUMN id ADD GENERATED BY DEFAULT AS IDENTITY (
    SEQUENCE NAME public.web_doctores_id_seq
    START WITH 1
    INCREMENT BY 1
    NO MINVALUE
    NO MAXVALUE
    CACHE 1
);


--
-- Name: web_emergencias_medicas; Type: TABLE; Schema: public; Owner: postgres
--

CREATE TABLE public.web_emergencias_medicas (
    id bigint NOT NULL,
    nombres character varying(30) NOT NULL,
    apellidos character varying(30) NOT NULL,
    cedula character varying(10) NOT NULL,
    edad character varying(3) NOT NULL,
    sexo character varying(12) NOT NULL,
    idx character varying(40) NOT NULL,
    descripcion character varying(40) NOT NULL,
    material_utilizado character varying(30) NOT NULL,
    status character varying(20) NOT NULL,
    id_atencion_id bigint NOT NULL
);


ALTER TABLE public.web_emergencias_medicas OWNER TO postgres;

--
-- Name: web_emergencias_medicas_id_seq; Type: SEQUENCE; Schema: public; Owner: postgres
--

ALTER TABLE public.web_emergencias_medicas ALTER COLUMN id ADD GENERATED BY DEFAULT AS IDENTITY (
    SEQUENCE NAME public.web_emergencias_medicas_id_seq
    START WITH 1
    INCREMENT BY 1
    NO MINVALUE
    NO MAXVALUE
    CACHE 1
);


--
-- Name: web_enfermeros; Type: TABLE; Schema: public; Owner: postgres
--

CREATE TABLE public.web_enfermeros (
    id bigint NOT NULL,
    enfermeros character varying(80) NOT NULL
);


ALTER TABLE public.web_enfermeros OWNER TO postgres;

--
-- Name: web_enfermeros_id_seq; Type: SEQUENCE; Schema: public; Owner: postgres
--

ALTER TABLE public.web_enfermeros ALTER COLUMN id ADD GENERATED BY DEFAULT AS IDENTITY (
    SEQUENCE NAME public.web_enfermeros_id_seq
    START WITH 1
    INCREMENT BY 1
    NO MINVALUE
    NO MAXVALUE
    CACHE 1
);


--
-- Name: web_evaluacion_riesgo; Type: TABLE; Schema: public; Owner: postgres
--

CREATE TABLE public.web_evaluacion_riesgo (
    id bigint NOT NULL,
    descripcion character varying(100) NOT NULL,
    material_utilizado character varying(100) NOT NULL,
    status character varying(100) NOT NULL,
    id_tipo_riesgo_id bigint NOT NULL,
    id_procedimientos_id bigint NOT NULL,
    tipo_estructura character varying(30) NOT NULL
);


ALTER TABLE public.web_evaluacion_riesgo OWNER TO postgres;

--
-- Name: web_evaluacion_riesgo_id_seq; Type: SEQUENCE; Schema: public; Owner: postgres
--

ALTER TABLE public.web_evaluacion_riesgo ALTER COLUMN id ADD GENERATED BY DEFAULT AS IDENTITY (
    SEQUENCE NAME public.web_evaluacion_riesgo_id_seq
    START WITH 1
    INCREMENT BY 1
    NO MINVALUE
    NO MAXVALUE
    CACHE 1
);


--
-- Name: web_fallecidos; Type: TABLE; Schema: public; Owner: postgres
--

CREATE TABLE public.web_fallecidos (
    id bigint NOT NULL,
    motivo_fallecimiento character varying(50) NOT NULL,
    nombres character varying(50) NOT NULL,
    apellidos character varying(50) NOT NULL,
    cedula character varying(12) NOT NULL,
    edad character varying(4) NOT NULL,
    sexo character varying(10) NOT NULL,
    descripcion character varying(50) NOT NULL,
    material_utilizado character varying(50) NOT NULL,
    status character varying(20) NOT NULL,
    id_procedimiento_id bigint NOT NULL
);


ALTER TABLE public.web_fallecidos OWNER TO postgres;

--
-- Name: web_fallecidos_art; Type: TABLE; Schema: public; Owner: postgres
--

CREATE TABLE public.web_fallecidos_art (
    id bigint NOT NULL,
    motivo_fallecimiento character varying(50) NOT NULL,
    nombres character varying(50) NOT NULL,
    apellidos character varying(50) NOT NULL,
    cedula character varying(12) NOT NULL,
    edad character varying(4) NOT NULL,
    sexo character varying(10) NOT NULL,
    descripcion character varying(50) NOT NULL,
    material_utilizado character varying(50) NOT NULL,
    status character varying(20) NOT NULL,
    id_procedimiento_id bigint NOT NULL
);


ALTER TABLE public.web_fallecidos_art OWNER TO postgres;

--
-- Name: web_fallecidos_art_id_seq; Type: SEQUENCE; Schema: public; Owner: postgres
--

ALTER TABLE public.web_fallecidos_art ALTER COLUMN id ADD GENERATED BY DEFAULT AS IDENTITY (
    SEQUENCE NAME public.web_fallecidos_art_id_seq
    START WITH 1
    INCREMENT BY 1
    NO MINVALUE
    NO MAXVALUE
    CACHE 1
);


--
-- Name: web_fallecidos_id_seq; Type: SEQUENCE; Schema: public; Owner: postgres
--

ALTER TABLE public.web_fallecidos ALTER COLUMN id ADD GENERATED BY DEFAULT AS IDENTITY (
    SEQUENCE NAME public.web_fallecidos_id_seq
    START WITH 1
    INCREMENT BY 1
    NO MINVALUE
    NO MAXVALUE
    CACHE 1
);


--
-- Name: web_falsa_alarma; Type: TABLE; Schema: public; Owner: postgres
--

CREATE TABLE public.web_falsa_alarma (
    id bigint NOT NULL,
    descripcion character varying(50) NOT NULL,
    material_utilizado character varying(50) NOT NULL,
    status character varying(20) NOT NULL,
    motivo_alarma_id bigint NOT NULL,
    id_procedimiento_id bigint NOT NULL
);


ALTER TABLE public.web_falsa_alarma OWNER TO postgres;

--
-- Name: web_falsa_alarma_id_seq; Type: SEQUENCE; Schema: public; Owner: postgres
--

ALTER TABLE public.web_falsa_alarma ALTER COLUMN id ADD GENERATED BY DEFAULT AS IDENTITY (
    SEQUENCE NAME public.web_falsa_alarma_id_seq
    START WITH 1
    INCREMENT BY 1
    NO MINVALUE
    NO MAXVALUE
    CACHE 1
);


--
-- Name: web_guardia_prevencion; Type: TABLE; Schema: public; Owner: postgres
--

CREATE TABLE public.web_guardia_prevencion (
    id bigint NOT NULL,
    descripcion character varying(50) NOT NULL,
    material_utilizado character varying(50) NOT NULL,
    status character varying(50) NOT NULL,
    id_motivo_prevencion_id bigint NOT NULL,
    id_procedimiento_id bigint NOT NULL
);


ALTER TABLE public.web_guardia_prevencion OWNER TO postgres;

--
-- Name: web_guardia_prevencion_id_seq; Type: SEQUENCE; Schema: public; Owner: postgres
--

ALTER TABLE public.web_guardia_prevencion ALTER COLUMN id ADD GENERATED BY DEFAULT AS IDENTITY (
    SEQUENCE NAME public.web_guardia_prevencion_id_seq
    START WITH 1
    INCREMENT BY 1
    NO MINVALUE
    NO MAXVALUE
    CACHE 1
);


--
-- Name: web_incendios; Type: TABLE; Schema: public; Owner: postgres
--

CREATE TABLE public.web_incendios (
    id bigint NOT NULL,
    descripcion character varying(40) NOT NULL,
    material_utilizado character varying(40) NOT NULL,
    status character varying(40) NOT NULL,
    id_procedimientos_id bigint NOT NULL,
    id_tipo_incendio_id bigint NOT NULL
);


ALTER TABLE public.web_incendios OWNER TO postgres;

--
-- Name: web_incendios_art; Type: TABLE; Schema: public; Owner: postgres
--

CREATE TABLE public.web_incendios_art (
    id bigint NOT NULL,
    descripcion character varying(40) NOT NULL,
    material_utilizado character varying(40) NOT NULL,
    status character varying(40) NOT NULL,
    id_procedimientos_id bigint NOT NULL,
    id_tipo_incendio_id bigint NOT NULL
);


ALTER TABLE public.web_incendios_art OWNER TO postgres;

--
-- Name: web_incendios_art_id_seq; Type: SEQUENCE; Schema: public; Owner: postgres
--

ALTER TABLE public.web_incendios_art ALTER COLUMN id ADD GENERATED BY DEFAULT AS IDENTITY (
    SEQUENCE NAME public.web_incendios_art_id_seq
    START WITH 1
    INCREMENT BY 1
    NO MINVALUE
    NO MAXVALUE
    CACHE 1
);


--
-- Name: web_incendios_id_seq; Type: SEQUENCE; Schema: public; Owner: postgres
--

ALTER TABLE public.web_incendios ALTER COLUMN id ADD GENERATED BY DEFAULT AS IDENTITY (
    SEQUENCE NAME public.web_incendios_id_seq
    START WITH 1
    INCREMENT BY 1
    NO MINVALUE
    NO MAXVALUE
    CACHE 1
);


--
-- Name: web_inspeccion_arbol; Type: TABLE; Schema: public; Owner: postgres
--

CREATE TABLE public.web_inspeccion_arbol (
    id bigint NOT NULL,
    especie character varying(100) NOT NULL,
    altura_aprox character varying(40) NOT NULL,
    ubicacion_arbol character varying(100) NOT NULL,
    persona_sitio_nombre character varying(40) NOT NULL,
    persona_sitio_apellido character varying(40) NOT NULL,
    persona_sitio_cedula character varying(12) NOT NULL,
    persona_sitio_telefono character varying(20) NOT NULL,
    descripcion character varying(200) NOT NULL,
    material_utilizado character varying(100) NOT NULL,
    status character varying(20) NOT NULL,
    id_procedimientos_id bigint NOT NULL,
    tipo_inspeccion character varying(80) NOT NULL
);


ALTER TABLE public.web_inspeccion_arbol OWNER TO postgres;

--
-- Name: web_inspeccion_arbol_id_seq; Type: SEQUENCE; Schema: public; Owner: postgres
--

ALTER TABLE public.web_inspeccion_arbol ALTER COLUMN id ADD GENERATED BY DEFAULT AS IDENTITY (
    SEQUENCE NAME public.web_inspeccion_arbol_id_seq
    START WITH 1
    INCREMENT BY 1
    NO MINVALUE
    NO MAXVALUE
    CACHE 1
);


--
-- Name: web_inspeccion_establecimiento_art; Type: TABLE; Schema: public; Owner: postgres
--

CREATE TABLE public.web_inspeccion_establecimiento_art (
    id bigint NOT NULL,
    nombre_comercio character varying(60) NOT NULL,
    rif_comercio character varying(60) NOT NULL,
    encargado_nombre character varying(60) NOT NULL,
    encargado_apellidos character varying(60) NOT NULL,
    encargado_cedula character varying(60) NOT NULL,
    encargado_sexo character varying(60) NOT NULL,
    descripcion character varying(60) NOT NULL,
    material_utilizado character varying(60) NOT NULL,
    status character varying(60) NOT NULL,
    id_proc_artificio_id bigint NOT NULL
);


ALTER TABLE public.web_inspeccion_establecimiento_art OWNER TO postgres;

--
-- Name: web_inspeccion_establecimiento_art_id_seq; Type: SEQUENCE; Schema: public; Owner: postgres
--

ALTER TABLE public.web_inspeccion_establecimiento_art ALTER COLUMN id ADD GENERATED BY DEFAULT AS IDENTITY (
    SEQUENCE NAME public.web_inspeccion_establecimiento_art_id_seq
    START WITH 1
    INCREMENT BY 1
    NO MINVALUE
    NO MAXVALUE
    CACHE 1
);


--
-- Name: web_inspeccion_habitabilidad; Type: TABLE; Schema: public; Owner: postgres
--

CREATE TABLE public.web_inspeccion_habitabilidad (
    id bigint NOT NULL,
    descripcion character varying(200) NOT NULL,
    persona_sitio_nombre character varying(40) NOT NULL,
    persona_sitio_apellido character varying(40) NOT NULL,
    persona_sitio_cedula character varying(12) NOT NULL,
    persona_sitio_telefono character varying(20) NOT NULL,
    material_utilizado character varying(100) NOT NULL,
    status character varying(20) NOT NULL,
    id_procedimientos_id bigint NOT NULL,
    tipo_inspeccion character varying(80) NOT NULL
);


ALTER TABLE public.web_inspeccion_habitabilidad OWNER TO postgres;

--
-- Name: web_inspeccion_habitabilidad_id_seq; Type: SEQUENCE; Schema: public; Owner: postgres
--

ALTER TABLE public.web_inspeccion_habitabilidad ALTER COLUMN id ADD GENERATED BY DEFAULT AS IDENTITY (
    SEQUENCE NAME public.web_inspeccion_habitabilidad_id_seq
    START WITH 1
    INCREMENT BY 1
    NO MINVALUE
    NO MAXVALUE
    CACHE 1
);


--
-- Name: web_inspeccion_otros; Type: TABLE; Schema: public; Owner: postgres
--

CREATE TABLE public.web_inspeccion_otros (
    id bigint NOT NULL,
    especifique character varying(80) NOT NULL,
    descripcion character varying(200) NOT NULL,
    persona_sitio_nombre character varying(40) NOT NULL,
    persona_sitio_apellido character varying(40) NOT NULL,
    persona_sitio_cedula character varying(12) NOT NULL,
    persona_sitio_telefono character varying(20) NOT NULL,
    material_utilizado character varying(100) NOT NULL,
    status character varying(20) NOT NULL,
    id_procedimientos_id bigint NOT NULL,
    tipo_inspeccion character varying(80) NOT NULL
);


ALTER TABLE public.web_inspeccion_otros OWNER TO postgres;

--
-- Name: web_inspeccion_otros_id_seq; Type: SEQUENCE; Schema: public; Owner: postgres
--

ALTER TABLE public.web_inspeccion_otros ALTER COLUMN id ADD GENERATED BY DEFAULT AS IDENTITY (
    SEQUENCE NAME public.web_inspeccion_otros_id_seq
    START WITH 1
    INCREMENT BY 1
    NO MINVALUE
    NO MAXVALUE
    CACHE 1
);


--
-- Name: web_inspeccion_prevencion_asesorias_tecnicas; Type: TABLE; Schema: public; Owner: postgres
--

CREATE TABLE public.web_inspeccion_prevencion_asesorias_tecnicas (
    id bigint NOT NULL,
    nombre_comercio character varying(80) NOT NULL,
    propietario character varying(100) NOT NULL,
    cedula_propietario character varying(12) NOT NULL,
    descripcion character varying(200) NOT NULL,
    persona_sitio_nombre character varying(40) NOT NULL,
    persona_sitio_apellido character varying(40) NOT NULL,
    persona_sitio_cedula character varying(12) NOT NULL,
    persona_sitio_telefono character varying(20) NOT NULL,
    material_utilizado character varying(100) NOT NULL,
    status character varying(20) NOT NULL,
    id_procedimientos_id bigint NOT NULL,
    tipo_inspeccion character varying(80) NOT NULL
);


ALTER TABLE public.web_inspeccion_prevencion_asesorias_tecnicas OWNER TO postgres;

--
-- Name: web_inspeccion_prevencion_asesorias_tecnicas_id_seq; Type: SEQUENCE; Schema: public; Owner: postgres
--

ALTER TABLE public.web_inspeccion_prevencion_asesorias_tecnicas ALTER COLUMN id ADD GENERATED BY DEFAULT AS IDENTITY (
    SEQUENCE NAME public.web_inspeccion_prevencion_asesorias_tecnicas_id_seq
    START WITH 1
    INCREMENT BY 1
    NO MINVALUE
    NO MAXVALUE
    CACHE 1
);


--
-- Name: web_investigacion; Type: TABLE; Schema: public; Owner: postgres
--

CREATE TABLE public.web_investigacion (
    id bigint NOT NULL,
    id_procedimientos_id bigint NOT NULL,
    id_tipo_investigacion_id bigint NOT NULL,
    tipo_siniestro character varying(100) NOT NULL
);


ALTER TABLE public.web_investigacion OWNER TO postgres;

--
-- Name: web_investigacion_comercio; Type: TABLE; Schema: public; Owner: postgres
--

CREATE TABLE public.web_investigacion_comercio (
    id bigint NOT NULL,
    nombre_comercio character varying(100) NOT NULL,
    rif_comercio character varying(50) NOT NULL,
    nombre_propietario character varying(50) NOT NULL,
    apellido_propietario character varying(50) NOT NULL,
    cedula_propietario character varying(20) NOT NULL,
    descripcion character varying(100) NOT NULL,
    material_utilizado character varying(100) NOT NULL,
    status character varying(20) NOT NULL,
    id_investigacion_id bigint NOT NULL
);


ALTER TABLE public.web_investigacion_comercio OWNER TO postgres;

--
-- Name: web_investigacion_comercio_id_seq; Type: SEQUENCE; Schema: public; Owner: postgres
--

ALTER TABLE public.web_investigacion_comercio ALTER COLUMN id ADD GENERATED BY DEFAULT AS IDENTITY (
    SEQUENCE NAME public.web_investigacion_comercio_id_seq
    START WITH 1
    INCREMENT BY 1
    NO MINVALUE
    NO MAXVALUE
    CACHE 1
);


--
-- Name: web_investigacion_estructura_vivienda; Type: TABLE; Schema: public; Owner: postgres
--

CREATE TABLE public.web_investigacion_estructura_vivienda (
    id bigint NOT NULL,
    tipo_estructura character varying(80) NOT NULL,
    nombre character varying(50) NOT NULL,
    apellido character varying(50) NOT NULL,
    cedula character varying(20) NOT NULL,
    descripcion character varying(100) NOT NULL,
    material_utilizado character varying(100) NOT NULL,
    status character varying(20) NOT NULL,
    id_investigacion_id bigint NOT NULL
);


ALTER TABLE public.web_investigacion_estructura_vivienda OWNER TO postgres;

--
-- Name: web_investigacion_estructura_vivienda_id_seq; Type: SEQUENCE; Schema: public; Owner: postgres
--

ALTER TABLE public.web_investigacion_estructura_vivienda ALTER COLUMN id ADD GENERATED BY DEFAULT AS IDENTITY (
    SEQUENCE NAME public.web_investigacion_estructura_vivienda_id_seq
    START WITH 1
    INCREMENT BY 1
    NO MINVALUE
    NO MAXVALUE
    CACHE 1
);


--
-- Name: web_investigacion_id_seq; Type: SEQUENCE; Schema: public; Owner: postgres
--

ALTER TABLE public.web_investigacion ALTER COLUMN id ADD GENERATED BY DEFAULT AS IDENTITY (
    SEQUENCE NAME public.web_investigacion_id_seq
    START WITH 1
    INCREMENT BY 1
    NO MINVALUE
    NO MAXVALUE
    CACHE 1
);


--
-- Name: web_investigacion_vehiculo; Type: TABLE; Schema: public; Owner: postgres
--

CREATE TABLE public.web_investigacion_vehiculo (
    id bigint NOT NULL,
    marca character varying(40) NOT NULL,
    modelo character varying(25) NOT NULL,
    color character varying(20) NOT NULL,
    placas character varying(20) NOT NULL,
    "a単o" character varying(4) NOT NULL,
    nombre_propietario character varying(50) NOT NULL,
    apellido_propietario character varying(50) NOT NULL,
    cedula_propietario character varying(50) NOT NULL,
    descripcion character varying(100) NOT NULL,
    material_utilizado character varying(100) NOT NULL,
    status character varying(100) NOT NULL,
    id_investigacion_id bigint NOT NULL
);


ALTER TABLE public.web_investigacion_vehiculo OWNER TO postgres;

--
-- Name: web_investigacion_vehiculo_id_seq; Type: SEQUENCE; Schema: public; Owner: postgres
--

ALTER TABLE public.web_investigacion_vehiculo ALTER COLUMN id ADD GENERATED BY DEFAULT AS IDENTITY (
    SEQUENCE NAME public.web_investigacion_vehiculo_id_seq
    START WITH 1
    INCREMENT BY 1
    NO MINVALUE
    NO MAXVALUE
    CACHE 1
);


--
-- Name: web_jornada_medica; Type: TABLE; Schema: public; Owner: postgres
--

CREATE TABLE public.web_jornada_medica (
    id bigint NOT NULL,
    nombre_jornada character varying(100) NOT NULL,
    cant_personas_aten character varying(4) NOT NULL,
    descripcion character varying(100) NOT NULL,
    material_utilizado character varying(100) NOT NULL,
    status character varying(20) NOT NULL,
    id_procedimientos_id bigint NOT NULL
);


ALTER TABLE public.web_jornada_medica OWNER TO postgres;

--
-- Name: web_jornada_medica_id_seq; Type: SEQUENCE; Schema: public; Owner: postgres
--

ALTER TABLE public.web_jornada_medica ALTER COLUMN id ADD GENERATED BY DEFAULT AS IDENTITY (
    SEQUENCE NAME public.web_jornada_medica_id_seq
    START WITH 1
    INCREMENT BY 1
    NO MINVALUE
    NO MAXVALUE
    CACHE 1
);


--
-- Name: web_lesionados; Type: TABLE; Schema: public; Owner: postgres
--

CREATE TABLE public.web_lesionados (
    id bigint NOT NULL,
    nombres character varying(30) NOT NULL,
    apellidos character varying(30) NOT NULL,
    cedula character varying(10) NOT NULL,
    edad character varying(3) NOT NULL,
    sexo character varying(12) NOT NULL,
    idx character varying(40) NOT NULL,
    descripcion character varying(40) NOT NULL,
    id_accidente_id bigint NOT NULL
);


ALTER TABLE public.web_lesionados OWNER TO postgres;

--
-- Name: web_lesionados_art; Type: TABLE; Schema: public; Owner: postgres
--

CREATE TABLE public.web_lesionados_art (
    id bigint NOT NULL,
    nombres character varying(30) NOT NULL,
    apellidos character varying(30) NOT NULL,
    cedula character varying(10) NOT NULL,
    edad character varying(3) NOT NULL,
    sexo character varying(12) NOT NULL,
    idx character varying(40) NOT NULL,
    descripcion character varying(40) NOT NULL,
    id_accidente_id bigint NOT NULL,
    status character varying(40) NOT NULL
);


ALTER TABLE public.web_lesionados_art OWNER TO postgres;

--
-- Name: web_lesionados_art_id_seq; Type: SEQUENCE; Schema: public; Owner: postgres
--

ALTER TABLE public.web_lesionados_art ALTER COLUMN id ADD GENERATED BY DEFAULT AS IDENTITY (
    SEQUENCE NAME public.web_lesionados_art_id_seq
    START WITH 1
    INCREMENT BY 1
    NO MINVALUE
    NO MAXVALUE
    CACHE 1
);


--
-- Name: web_lesionados_id_seq; Type: SEQUENCE; Schema: public; Owner: postgres
--

ALTER TABLE public.web_lesionados ALTER COLUMN id ADD GENERATED BY DEFAULT AS IDENTITY (
    SEQUENCE NAME public.web_lesionados_id_seq
    START WITH 1
    INCREMENT BY 1
    NO MINVALUE
    NO MAXVALUE
    CACHE 1
);


--
-- Name: web_mitigacion_riesgo; Type: TABLE; Schema: public; Owner: postgres
--

CREATE TABLE public.web_mitigacion_riesgo (
    id bigint NOT NULL,
    tipo_servicio character varying(100) NOT NULL
);


ALTER TABLE public.web_mitigacion_riesgo OWNER TO postgres;

--
-- Name: web_mitigacion_riesgo_id_seq; Type: SEQUENCE; Schema: public; Owner: postgres
--

ALTER TABLE public.web_mitigacion_riesgo ALTER COLUMN id ADD GENERATED BY DEFAULT AS IDENTITY (
    SEQUENCE NAME public.web_mitigacion_riesgo_id_seq
    START WITH 1
    INCREMENT BY 1
    NO MINVALUE
    NO MAXVALUE
    CACHE 1
);


--
-- Name: web_mitigacion_riesgos; Type: TABLE; Schema: public; Owner: postgres
--

CREATE TABLE public.web_mitigacion_riesgos (
    id bigint NOT NULL,
    descripcion character varying(100) NOT NULL,
    material_utilizado character varying(100) NOT NULL,
    status character varying(100) NOT NULL,
    id_tipo_servicio_id bigint NOT NULL,
    id_procedimientos_id bigint NOT NULL
);


ALTER TABLE public.web_mitigacion_riesgos OWNER TO postgres;

--
-- Name: web_mitigacion_riesgos_id_seq; Type: SEQUENCE; Schema: public; Owner: postgres
--

ALTER TABLE public.web_mitigacion_riesgos ALTER COLUMN id ADD GENERATED BY DEFAULT AS IDENTITY (
    SEQUENCE NAME public.web_mitigacion_riesgos_id_seq
    START WITH 1
    INCREMENT BY 1
    NO MINVALUE
    NO MAXVALUE
    CACHE 1
);


--
-- Name: web_motivo_alarma; Type: TABLE; Schema: public; Owner: postgres
--

CREATE TABLE public.web_motivo_alarma (
    id bigint NOT NULL,
    motivo character varying(30) NOT NULL
);


ALTER TABLE public.web_motivo_alarma OWNER TO postgres;

--
-- Name: web_motivo_alarma_id_seq; Type: SEQUENCE; Schema: public; Owner: postgres
--

ALTER TABLE public.web_motivo_alarma ALTER COLUMN id ADD GENERATED BY DEFAULT AS IDENTITY (
    SEQUENCE NAME public.web_motivo_alarma_id_seq
    START WITH 1
    INCREMENT BY 1
    NO MINVALUE
    NO MAXVALUE
    CACHE 1
);


--
-- Name: web_motivo_avanzada; Type: TABLE; Schema: public; Owner: postgres
--

CREATE TABLE public.web_motivo_avanzada (
    id bigint NOT NULL,
    tipo_servicio character varying(60) NOT NULL
);


ALTER TABLE public.web_motivo_avanzada OWNER TO postgres;

--
-- Name: web_motivo_avanzada_id_seq; Type: SEQUENCE; Schema: public; Owner: postgres
--

ALTER TABLE public.web_motivo_avanzada ALTER COLUMN id ADD GENERATED BY DEFAULT AS IDENTITY (
    SEQUENCE NAME public.web_motivo_avanzada_id_seq
    START WITH 1
    INCREMENT BY 1
    NO MINVALUE
    NO MAXVALUE
    CACHE 1
);


--
-- Name: web_motivo_despliegue; Type: TABLE; Schema: public; Owner: postgres
--

CREATE TABLE public.web_motivo_despliegue (
    id bigint NOT NULL,
    motivo character varying(50) NOT NULL
);


ALTER TABLE public.web_motivo_despliegue OWNER TO postgres;

--
-- Name: web_motivo_despliegue_id_seq; Type: SEQUENCE; Schema: public; Owner: postgres
--

ALTER TABLE public.web_motivo_despliegue ALTER COLUMN id ADD GENERATED BY DEFAULT AS IDENTITY (
    SEQUENCE NAME public.web_motivo_despliegue_id_seq
    START WITH 1
    INCREMENT BY 1
    NO MINVALUE
    NO MAXVALUE
    CACHE 1
);


--
-- Name: web_motivo_prevencion; Type: TABLE; Schema: public; Owner: postgres
--

CREATE TABLE public.web_motivo_prevencion (
    id bigint NOT NULL,
    motivo character varying(40) NOT NULL
);


ALTER TABLE public.web_motivo_prevencion OWNER TO postgres;

--
-- Name: web_motivo_prevencion_id_seq; Type: SEQUENCE; Schema: public; Owner: postgres
--

ALTER TABLE public.web_motivo_prevencion ALTER COLUMN id ADD GENERATED BY DEFAULT AS IDENTITY (
    SEQUENCE NAME public.web_motivo_prevencion_id_seq
    START WITH 1
    INCREMENT BY 1
    NO MINVALUE
    NO MAXVALUE
    CACHE 1
);


--
-- Name: web_motivo_riesgo; Type: TABLE; Schema: public; Owner: postgres
--

CREATE TABLE public.web_motivo_riesgo (
    id bigint NOT NULL,
    tipo_riesgo character varying(100) NOT NULL
);


ALTER TABLE public.web_motivo_riesgo OWNER TO postgres;

--
-- Name: web_motivo_riesgo_id_seq; Type: SEQUENCE; Schema: public; Owner: postgres
--

ALTER TABLE public.web_motivo_riesgo ALTER COLUMN id ADD GENERATED BY DEFAULT AS IDENTITY (
    SEQUENCE NAME public.web_motivo_riesgo_id_seq
    START WITH 1
    INCREMENT BY 1
    NO MINVALUE
    NO MAXVALUE
    CACHE 1
);


--
-- Name: web_municipios; Type: TABLE; Schema: public; Owner: postgres
--

CREATE TABLE public.web_municipios (
    id bigint NOT NULL,
    municipio character varying(40) NOT NULL
);


ALTER TABLE public.web_municipios OWNER TO postgres;

--
-- Name: web_municipios_id_seq; Type: SEQUENCE; Schema: public; Owner: postgres
--

ALTER TABLE public.web_municipios ALTER COLUMN id ADD GENERATED BY DEFAULT AS IDENTITY (
    SEQUENCE NAME public.web_municipios_id_seq
    START WITH 1
    INCREMENT BY 1
    NO MINVALUE
    NO MAXVALUE
    CACHE 1
);


--
-- Name: web_parroquias; Type: TABLE; Schema: public; Owner: postgres
--

CREATE TABLE public.web_parroquias (
    id bigint NOT NULL,
    parroquia character varying(40) NOT NULL
);


ALTER TABLE public.web_parroquias OWNER TO postgres;

--
-- Name: web_parroquias_id_seq; Type: SEQUENCE; Schema: public; Owner: postgres
--

ALTER TABLE public.web_parroquias ALTER COLUMN id ADD GENERATED BY DEFAULT AS IDENTITY (
    SEQUENCE NAME public.web_parroquias_id_seq
    START WITH 1
    INCREMENT BY 1
    NO MINVALUE
    NO MAXVALUE
    CACHE 1
);


--
-- Name: web_persona_presente; Type: TABLE; Schema: public; Owner: postgres
--

CREATE TABLE public.web_persona_presente (
    id bigint NOT NULL,
    nombre character varying(40) NOT NULL,
    apellidos character varying(40) NOT NULL,
    cedula character varying(10) NOT NULL,
    edad character varying(3) NOT NULL,
    id_incendio_id bigint NOT NULL
);


ALTER TABLE public.web_persona_presente OWNER TO postgres;

--
-- Name: web_persona_presente_art; Type: TABLE; Schema: public; Owner: postgres
--

CREATE TABLE public.web_persona_presente_art (
    id bigint NOT NULL,
    nombre character varying(40) NOT NULL,
    apellidos character varying(40) NOT NULL,
    cedula character varying(10) NOT NULL,
    edad character varying(3) NOT NULL,
    id_incendio_id bigint NOT NULL
);


ALTER TABLE public.web_persona_presente_art OWNER TO postgres;

--
-- Name: web_persona_presente_art_id_seq; Type: SEQUENCE; Schema: public; Owner: postgres
--

ALTER TABLE public.web_persona_presente_art ALTER COLUMN id ADD GENERATED BY DEFAULT AS IDENTITY (
    SEQUENCE NAME public.web_persona_presente_art_id_seq
    START WITH 1
    INCREMENT BY 1
    NO MINVALUE
    NO MAXVALUE
    CACHE 1
);


--
-- Name: web_persona_presente_eval; Type: TABLE; Schema: public; Owner: postgres
--

CREATE TABLE public.web_persona_presente_eval (
    id bigint NOT NULL,
    nombre character varying(40) NOT NULL,
    apellidos character varying(40) NOT NULL,
    cedula character varying(10) NOT NULL,
    telefono character varying(20) NOT NULL,
    id_persona_id bigint NOT NULL
);


ALTER TABLE public.web_persona_presente_eval OWNER TO postgres;

--
-- Name: web_persona_presente_eval_id_seq; Type: SEQUENCE; Schema: public; Owner: postgres
--

ALTER TABLE public.web_persona_presente_eval ALTER COLUMN id ADD GENERATED BY DEFAULT AS IDENTITY (
    SEQUENCE NAME public.web_persona_presente_eval_id_seq
    START WITH 1
    INCREMENT BY 1
    NO MINVALUE
    NO MAXVALUE
    CACHE 1
);


--
-- Name: web_persona_presente_id_seq; Type: SEQUENCE; Schema: public; Owner: postgres
--

ALTER TABLE public.web_persona_presente ALTER COLUMN id ADD GENERATED BY DEFAULT AS IDENTITY (
    SEQUENCE NAME public.web_persona_presente_id_seq
    START WITH 1
    INCREMENT BY 1
    NO MINVALUE
    NO MAXVALUE
    CACHE 1
);


--
-- Name: web_personal; Type: TABLE; Schema: public; Owner: postgres
--

CREATE TABLE public.web_personal (
    id bigint NOT NULL,
    nombres character varying(50) NOT NULL,
    apellidos character varying(50) NOT NULL,
    jerarquia character varying(50) NOT NULL,
    cargo character varying(50) NOT NULL,
    cedula character varying(50) NOT NULL,
    sexo character varying(50) NOT NULL,
    rol character varying(50) NOT NULL,
    status character varying(50) NOT NULL
);


ALTER TABLE public.web_personal OWNER TO postgres;

--
-- Name: web_personal_id_seq; Type: SEQUENCE; Schema: public; Owner: postgres
--

ALTER TABLE public.web_personal ALTER COLUMN id ADD GENERATED BY DEFAULT AS IDENTITY (
    SEQUENCE NAME public.web_personal_id_seq
    START WITH 1
    INCREMENT BY 1
    NO MINVALUE
    NO MAXVALUE
    CACHE 1
);


--
-- Name: web_procedimientos; Type: TABLE; Schema: public; Owner: postgres
--

CREATE TABLE public.web_procedimientos (
    id bigint NOT NULL,
    solicitante_externo character varying(20) NOT NULL,
    efectivos_enviados character varying(40) NOT NULL,
    fecha date NOT NULL,
    hora time without time zone NOT NULL,
    direccion character varying(50) NOT NULL,
    id_division_id bigint NOT NULL,
    id_jefe_comision_id bigint,
    id_municipio_id bigint NOT NULL,
    id_parroquia_id bigint NOT NULL,
    id_solicitante_id bigint,
    id_tipo_procedimiento_id bigint NOT NULL,
    unidad_id bigint NOT NULL,
    dependencia character varying(80) NOT NULL,
    tipo_servicio character varying(50) NOT NULL
);


ALTER TABLE public.web_procedimientos OWNER TO postgres;

--
-- Name: web_procedimientos_capacitacion; Type: TABLE; Schema: public; Owner: postgres
--

CREATE TABLE public.web_procedimientos_capacitacion (
    id bigint NOT NULL,
    tipo_capacitacion character varying(40) NOT NULL,
    tipo_clasificacion character varying(40) NOT NULL,
    personas_beneficiadas character varying(4) NOT NULL,
    descripcion character varying(100) NOT NULL,
    material_utilizado character varying(100) NOT NULL,
    status character varying(50) NOT NULL,
    id_procedimientos_id bigint NOT NULL
);


ALTER TABLE public.web_procedimientos_capacitacion OWNER TO postgres;

--
-- Name: web_procedimientos_capacitacion_id_seq; Type: SEQUENCE; Schema: public; Owner: postgres
--

ALTER TABLE public.web_procedimientos_capacitacion ALTER COLUMN id ADD GENERATED BY DEFAULT AS IDENTITY (
    SEQUENCE NAME public.web_procedimientos_capacitacion_id_seq
    START WITH 1
    INCREMENT BY 1
    NO MINVALUE
    NO MAXVALUE
    CACHE 1
);


--
-- Name: web_procedimientos_frente_preventivo; Type: TABLE; Schema: public; Owner: postgres
--

CREATE TABLE public.web_procedimientos_frente_preventivo (
    id bigint NOT NULL,
    nombre_actividad character varying(80) NOT NULL,
    estrategia character varying(100) NOT NULL,
    personas_beneficiadas character varying(4) NOT NULL,
    descripcion character varying(100) NOT NULL,
    material_utilizado character varying(100) NOT NULL,
    status character varying(50) NOT NULL,
    id_procedimientos_id bigint NOT NULL
);


ALTER TABLE public.web_procedimientos_frente_preventivo OWNER TO postgres;

--
-- Name: web_procedimientos_frente_preventivo_id_seq; Type: SEQUENCE; Schema: public; Owner: postgres
--

ALTER TABLE public.web_procedimientos_frente_preventivo ALTER COLUMN id ADD GENERATED BY DEFAULT AS IDENTITY (
    SEQUENCE NAME public.web_procedimientos_frente_preventivo_id_seq
    START WITH 1
    INCREMENT BY 1
    NO MINVALUE
    NO MAXVALUE
    CACHE 1
);


--
-- Name: web_procedimientos_id_seq; Type: SEQUENCE; Schema: public; Owner: postgres
--

ALTER TABLE public.web_procedimientos ALTER COLUMN id ADD GENERATED BY DEFAULT AS IDENTITY (
    SEQUENCE NAME public.web_procedimientos_id_seq
    START WITH 1
    INCREMENT BY 1
    NO MINVALUE
    NO MAXVALUE
    CACHE 1
);


--
-- Name: web_procedimientos_psicologia; Type: TABLE; Schema: public; Owner: postgres
--

CREATE TABLE public.web_procedimientos_psicologia (
    id bigint NOT NULL,
    nombre character varying(80) NOT NULL,
    apellido character varying(80) NOT NULL,
    cedula character varying(12) NOT NULL,
    edad character varying(3) NOT NULL,
    sexo character varying(20) NOT NULL,
    descripcion character varying(120) NOT NULL,
    material_utilizado character varying(60) NOT NULL,
    status character varying(15) NOT NULL,
    id_procedimientos_id bigint NOT NULL
);


ALTER TABLE public.web_procedimientos_psicologia OWNER TO postgres;

--
-- Name: web_procedimientos_psicologia_id_seq; Type: SEQUENCE; Schema: public; Owner: postgres
--

ALTER TABLE public.web_procedimientos_psicologia ALTER COLUMN id ADD GENERATED BY DEFAULT AS IDENTITY (
    SEQUENCE NAME public.web_procedimientos_psicologia_id_seq
    START WITH 1
    INCREMENT BY 1
    NO MINVALUE
    NO MAXVALUE
    CACHE 1
);


--
-- Name: web_psicologa; Type: TABLE; Schema: public; Owner: postgres
--

CREATE TABLE public.web_psicologa (
    id bigint NOT NULL,
    psicologa character varying(80) NOT NULL
);


ALTER TABLE public.web_psicologa OWNER TO postgres;

--
-- Name: web_psicologa_id_seq; Type: SEQUENCE; Schema: public; Owner: postgres
--

ALTER TABLE public.web_psicologa ALTER COLUMN id ADD GENERATED BY DEFAULT AS IDENTITY (
    SEQUENCE NAME public.web_psicologa_id_seq
    START WITH 1
    INCREMENT BY 1
    NO MINVALUE
    NO MAXVALUE
    CACHE 1
);


--
-- Name: web_puesto_avanzada; Type: TABLE; Schema: public; Owner: postgres
--

CREATE TABLE public.web_puesto_avanzada (
    id bigint NOT NULL,
    descripcion character varying(100) NOT NULL,
    material_utilizado character varying(100) NOT NULL,
    status character varying(100) NOT NULL,
    id_procedimientos_id bigint NOT NULL,
    id_tipo_servicio_id bigint NOT NULL
);


ALTER TABLE public.web_puesto_avanzada OWNER TO postgres;

--
-- Name: web_puesto_avanzada_id_seq; Type: SEQUENCE; Schema: public; Owner: postgres
--

ALTER TABLE public.web_puesto_avanzada ALTER COLUMN id ADD GENERATED BY DEFAULT AS IDENTITY (
    SEQUENCE NAME public.web_puesto_avanzada_id_seq
    START WITH 1
    INCREMENT BY 1
    NO MINVALUE
    NO MAXVALUE
    CACHE 1
);


--
-- Name: web_reinspeccion_prevencion; Type: TABLE; Schema: public; Owner: postgres
--

CREATE TABLE public.web_reinspeccion_prevencion (
    id bigint NOT NULL,
    nombre character varying(40) NOT NULL,
    apellidos character varying(40) NOT NULL,
    cedula character varying(10) NOT NULL,
    telefono character varying(20) NOT NULL,
    descripcion character varying(100) NOT NULL,
    material_utilizado character varying(100) NOT NULL,
    status character varying(20) NOT NULL,
    id_procedimiento_id bigint NOT NULL,
    rif_comercio character varying(40) NOT NULL,
    nombre_comercio character varying(40) NOT NULL,
    sexo character varying(12) NOT NULL
);


ALTER TABLE public.web_reinspeccion_prevencion OWNER TO postgres;

--
-- Name: web_reinspeccion_prevencion_id_seq; Type: SEQUENCE; Schema: public; Owner: postgres
--

ALTER TABLE public.web_reinspeccion_prevencion ALTER COLUMN id ADD GENERATED BY DEFAULT AS IDENTITY (
    SEQUENCE NAME public.web_reinspeccion_prevencion_id_seq
    START WITH 1
    INCREMENT BY 1
    NO MINVALUE
    NO MAXVALUE
    CACHE 1
);


--
-- Name: web_rescate; Type: TABLE; Schema: public; Owner: postgres
--

CREATE TABLE public.web_rescate (
    id bigint NOT NULL,
    material_utilizado character varying(50) NOT NULL,
    status character varying(50) NOT NULL,
    id_procedimientos_id bigint NOT NULL,
    tipo_rescate_id bigint NOT NULL
);


ALTER TABLE public.web_rescate OWNER TO postgres;

--
-- Name: web_rescate_animal; Type: TABLE; Schema: public; Owner: postgres
--

CREATE TABLE public.web_rescate_animal (
    id bigint NOT NULL,
    especie character varying(40) NOT NULL,
    descripcion character varying(40) NOT NULL,
    id_rescate_id bigint NOT NULL
);


ALTER TABLE public.web_rescate_animal OWNER TO postgres;

--
-- Name: web_rescate_animal_id_seq; Type: SEQUENCE; Schema: public; Owner: postgres
--

ALTER TABLE public.web_rescate_animal ALTER COLUMN id ADD GENERATED BY DEFAULT AS IDENTITY (
    SEQUENCE NAME public.web_rescate_animal_id_seq
    START WITH 1
    INCREMENT BY 1
    NO MINVALUE
    NO MAXVALUE
    CACHE 1
);


--
-- Name: web_rescate_id_seq; Type: SEQUENCE; Schema: public; Owner: postgres
--

ALTER TABLE public.web_rescate ALTER COLUMN id ADD GENERATED BY DEFAULT AS IDENTITY (
    SEQUENCE NAME public.web_rescate_id_seq
    START WITH 1
    INCREMENT BY 1
    NO MINVALUE
    NO MAXVALUE
    CACHE 1
);


--
-- Name: web_rescate_persona; Type: TABLE; Schema: public; Owner: postgres
--

CREATE TABLE public.web_rescate_persona (
    id bigint NOT NULL,
    nombre character varying(30) NOT NULL,
    apellidos character varying(30) NOT NULL,
    cedula character varying(10) NOT NULL,
    edad character varying(3) NOT NULL,
    sexo character varying(30) NOT NULL,
    descripcion character varying(30) NOT NULL,
    id_rescate_id bigint NOT NULL
);


ALTER TABLE public.web_rescate_persona OWNER TO postgres;

--
-- Name: web_rescate_persona_id_seq; Type: SEQUENCE; Schema: public; Owner: postgres
--

ALTER TABLE public.web_rescate_persona ALTER COLUMN id ADD GENERATED BY DEFAULT AS IDENTITY (
    SEQUENCE NAME public.web_rescate_persona_id_seq
    START WITH 1
    INCREMENT BY 1
    NO MINVALUE
    NO MAXVALUE
    CACHE 1
);


--
-- Name: web_retencion_preventiva; Type: TABLE; Schema: public; Owner: postgres
--

CREATE TABLE public.web_retencion_preventiva (
    id bigint NOT NULL,
    tipo_cilindro character varying(50) NOT NULL,
    capacidad character varying(50) NOT NULL,
    serial character varying(50) NOT NULL,
    nro_constancia_retencion character varying(50) NOT NULL,
    descripcion character varying(50) NOT NULL,
    material_utilizado character varying(50) NOT NULL,
    status character varying(50) NOT NULL,
    id_procedimiento_id bigint NOT NULL
);


ALTER TABLE public.web_retencion_preventiva OWNER TO postgres;

--
-- Name: web_retencion_preventiva_id_seq; Type: SEQUENCE; Schema: public; Owner: postgres
--

ALTER TABLE public.web_retencion_preventiva ALTER COLUMN id ADD GENERATED BY DEFAULT AS IDENTITY (
    SEQUENCE NAME public.web_retencion_preventiva_id_seq
    START WITH 1
    INCREMENT BY 1
    NO MINVALUE
    NO MAXVALUE
    CACHE 1
);


--
-- Name: web_servicios_especiales; Type: TABLE; Schema: public; Owner: postgres
--

CREATE TABLE public.web_servicios_especiales (
    id bigint NOT NULL,
    descripcion character varying(50) NOT NULL,
    material_utilizado character varying(50) NOT NULL,
    status character varying(20) NOT NULL,
    id_procedimientos_id bigint NOT NULL,
    tipo_servicio_id bigint NOT NULL
);


ALTER TABLE public.web_servicios_especiales OWNER TO postgres;

--
-- Name: web_servicios_especiales_id_seq; Type: SEQUENCE; Schema: public; Owner: postgres
--

ALTER TABLE public.web_servicios_especiales ALTER COLUMN id ADD GENERATED BY DEFAULT AS IDENTITY (
    SEQUENCE NAME public.web_servicios_especiales_id_seq
    START WITH 1
    INCREMENT BY 1
    NO MINVALUE
    NO MAXVALUE
    CACHE 1
);


--
-- Name: web_tipo_accidente; Type: TABLE; Schema: public; Owner: postgres
--

CREATE TABLE public.web_tipo_accidente (
    id bigint NOT NULL,
    tipo_accidente character varying(40) NOT NULL
);


ALTER TABLE public.web_tipo_accidente OWNER TO postgres;

--
-- Name: web_tipo_accidente_id_seq; Type: SEQUENCE; Schema: public; Owner: postgres
--

ALTER TABLE public.web_tipo_accidente ALTER COLUMN id ADD GENERATED BY DEFAULT AS IDENTITY (
    SEQUENCE NAME public.web_tipo_accidente_id_seq
    START WITH 1
    INCREMENT BY 1
    NO MINVALUE
    NO MAXVALUE
    CACHE 1
);


--
-- Name: web_tipo_apoyo; Type: TABLE; Schema: public; Owner: postgres
--

CREATE TABLE public.web_tipo_apoyo (
    id bigint NOT NULL,
    tipo_apoyo character varying(50) NOT NULL
);


ALTER TABLE public.web_tipo_apoyo OWNER TO postgres;

--
-- Name: web_tipo_apoyo_id_seq; Type: SEQUENCE; Schema: public; Owner: postgres
--

ALTER TABLE public.web_tipo_apoyo ALTER COLUMN id ADD GENERATED BY DEFAULT AS IDENTITY (
    SEQUENCE NAME public.web_tipo_apoyo_id_seq
    START WITH 1
    INCREMENT BY 1
    NO MINVALUE
    NO MAXVALUE
    CACHE 1
);


--
-- Name: web_tipo_cilindro; Type: TABLE; Schema: public; Owner: postgres
--

CREATE TABLE public.web_tipo_cilindro (
    id bigint NOT NULL,
    nombre_cilindro character varying(50) NOT NULL
);


ALTER TABLE public.web_tipo_cilindro OWNER TO postgres;

--
-- Name: web_tipo_cilindro_id_seq; Type: SEQUENCE; Schema: public; Owner: postgres
--

ALTER TABLE public.web_tipo_cilindro ALTER COLUMN id ADD GENERATED BY DEFAULT AS IDENTITY (
    SEQUENCE NAME public.web_tipo_cilindro_id_seq
    START WITH 1
    INCREMENT BY 1
    NO MINVALUE
    NO MAXVALUE
    CACHE 1
);


--
-- Name: web_tipo_incendio; Type: TABLE; Schema: public; Owner: postgres
--

CREATE TABLE public.web_tipo_incendio (
    id bigint NOT NULL,
    tipo_incendio character varying(40) NOT NULL
);


ALTER TABLE public.web_tipo_incendio OWNER TO postgres;

--
-- Name: web_tipo_incendio_id_seq; Type: SEQUENCE; Schema: public; Owner: postgres
--

ALTER TABLE public.web_tipo_incendio ALTER COLUMN id ADD GENERATED BY DEFAULT AS IDENTITY (
    SEQUENCE NAME public.web_tipo_incendio_id_seq
    START WITH 1
    INCREMENT BY 1
    NO MINVALUE
    NO MAXVALUE
    CACHE 1
);


--
-- Name: web_tipo_institucion; Type: TABLE; Schema: public; Owner: postgres
--

CREATE TABLE public.web_tipo_institucion (
    id bigint NOT NULL,
    nombre_institucion character varying(50) NOT NULL
);


ALTER TABLE public.web_tipo_institucion OWNER TO postgres;

--
-- Name: web_tipo_institucion_id_seq; Type: SEQUENCE; Schema: public; Owner: postgres
--

ALTER TABLE public.web_tipo_institucion ALTER COLUMN id ADD GENERATED BY DEFAULT AS IDENTITY (
    SEQUENCE NAME public.web_tipo_institucion_id_seq
    START WITH 1
    INCREMENT BY 1
    NO MINVALUE
    NO MAXVALUE
    CACHE 1
);


--
-- Name: web_tipo_rescate; Type: TABLE; Schema: public; Owner: postgres
--

CREATE TABLE public.web_tipo_rescate (
    id bigint NOT NULL,
    tipo_rescate character varying(30) NOT NULL
);


ALTER TABLE public.web_tipo_rescate OWNER TO postgres;

--
-- Name: web_tipo_rescate_id_seq; Type: SEQUENCE; Schema: public; Owner: postgres
--

ALTER TABLE public.web_tipo_rescate ALTER COLUMN id ADD GENERATED BY DEFAULT AS IDENTITY (
    SEQUENCE NAME public.web_tipo_rescate_id_seq
    START WITH 1
    INCREMENT BY 1
    NO MINVALUE
    NO MAXVALUE
    CACHE 1
);


--
-- Name: web_tipo_servicios; Type: TABLE; Schema: public; Owner: postgres
--

CREATE TABLE public.web_tipo_servicios (
    id bigint NOT NULL,
    serv_especiales character varying(30) NOT NULL
);


ALTER TABLE public.web_tipo_servicios OWNER TO postgres;

--
-- Name: web_tipo_servicios_id_seq; Type: SEQUENCE; Schema: public; Owner: postgres
--

ALTER TABLE public.web_tipo_servicios ALTER COLUMN id ADD GENERATED BY DEFAULT AS IDENTITY (
    SEQUENCE NAME public.web_tipo_servicios_id_seq
    START WITH 1
    INCREMENT BY 1
    NO MINVALUE
    NO MAXVALUE
    CACHE 1
);


--
-- Name: web_tipos_artificios; Type: TABLE; Schema: public; Owner: postgres
--

CREATE TABLE public.web_tipos_artificios (
    id bigint NOT NULL,
    tipo character varying(50) NOT NULL
);


ALTER TABLE public.web_tipos_artificios OWNER TO postgres;

--
-- Name: web_tipos_artificios_id_seq; Type: SEQUENCE; Schema: public; Owner: postgres
--

ALTER TABLE public.web_tipos_artificios ALTER COLUMN id ADD GENERATED BY DEFAULT AS IDENTITY (
    SEQUENCE NAME public.web_tipos_artificios_id_seq
    START WITH 1
    INCREMENT BY 1
    NO MINVALUE
    NO MAXVALUE
    CACHE 1
);


--
-- Name: web_tipos_investigacion; Type: TABLE; Schema: public; Owner: postgres
--

CREATE TABLE public.web_tipos_investigacion (
    id bigint NOT NULL,
    tipo_investigacion character varying(80) NOT NULL
);


ALTER TABLE public.web_tipos_investigacion OWNER TO postgres;

--
-- Name: web_tipos_investigacion_id_seq; Type: SEQUENCE; Schema: public; Owner: postgres
--

ALTER TABLE public.web_tipos_investigacion ALTER COLUMN id ADD GENERATED BY DEFAULT AS IDENTITY (
    SEQUENCE NAME public.web_tipos_investigacion_id_seq
    START WITH 1
    INCREMENT BY 1
    NO MINVALUE
    NO MAXVALUE
    CACHE 1
);


--
-- Name: web_tipos_procedimientos; Type: TABLE; Schema: public; Owner: postgres
--

CREATE TABLE public.web_tipos_procedimientos (
    id bigint NOT NULL,
    tipo_procedimiento character varying(60) NOT NULL
);


ALTER TABLE public.web_tipos_procedimientos OWNER TO postgres;

--
-- Name: web_tipos_procedimientos_id_seq; Type: SEQUENCE; Schema: public; Owner: postgres
--

ALTER TABLE public.web_tipos_procedimientos ALTER COLUMN id ADD GENERATED BY DEFAULT AS IDENTITY (
    SEQUENCE NAME public.web_tipos_procedimientos_id_seq
    START WITH 1
    INCREMENT BY 1
    NO MINVALUE
    NO MAXVALUE
    CACHE 1
);


--
-- Name: web_tipos_traslado; Type: TABLE; Schema: public; Owner: postgres
--

CREATE TABLE public.web_tipos_traslado (
    id bigint NOT NULL,
    tipo_traslado character varying(50) NOT NULL
);


ALTER TABLE public.web_tipos_traslado OWNER TO postgres;

--
-- Name: web_tipos_traslado_id_seq; Type: SEQUENCE; Schema: public; Owner: postgres
--

ALTER TABLE public.web_tipos_traslado ALTER COLUMN id ADD GENERATED BY DEFAULT AS IDENTITY (
    SEQUENCE NAME public.web_tipos_traslado_id_seq
    START WITH 1
    INCREMENT BY 1
    NO MINVALUE
    NO MAXVALUE
    CACHE 1
);


--
-- Name: web_traslado; Type: TABLE; Schema: public; Owner: postgres
--

CREATE TABLE public.web_traslado (
    id bigint NOT NULL,
    hospital_trasladado character varying(40) NOT NULL,
    medico_receptor character varying(40) NOT NULL,
    mpps_cmt character varying(20) NOT NULL,
    id_lesionado_id bigint NOT NULL
);


ALTER TABLE public.web_traslado OWNER TO postgres;

--
-- Name: web_traslado_accidente; Type: TABLE; Schema: public; Owner: postgres
--

CREATE TABLE public.web_traslado_accidente (
    id bigint NOT NULL,
    hospital_trasladado character varying(40) NOT NULL,
    medico_receptor character varying(40) NOT NULL,
    mpps_cmt character varying(20) NOT NULL,
    id_lesionado_id bigint NOT NULL
);


ALTER TABLE public.web_traslado_accidente OWNER TO postgres;

--
-- Name: web_traslado_accidente_id_seq; Type: SEQUENCE; Schema: public; Owner: postgres
--

ALTER TABLE public.web_traslado_accidente ALTER COLUMN id ADD GENERATED BY DEFAULT AS IDENTITY (
    SEQUENCE NAME public.web_traslado_accidente_id_seq
    START WITH 1
    INCREMENT BY 1
    NO MINVALUE
    NO MAXVALUE
    CACHE 1
);


--
-- Name: web_traslado_id_seq; Type: SEQUENCE; Schema: public; Owner: postgres
--

ALTER TABLE public.web_traslado ALTER COLUMN id ADD GENERATED BY DEFAULT AS IDENTITY (
    SEQUENCE NAME public.web_traslado_id_seq
    START WITH 1
    INCREMENT BY 1
    NO MINVALUE
    NO MAXVALUE
    CACHE 1
);


--
-- Name: web_traslado_prehospitalaria; Type: TABLE; Schema: public; Owner: postgres
--

CREATE TABLE public.web_traslado_prehospitalaria (
    id bigint NOT NULL,
    nombre character varying(40) NOT NULL,
    apellido character varying(40) NOT NULL,
    cedula character varying(10) NOT NULL,
    edad character varying(3) NOT NULL,
    sexo character varying(12) NOT NULL,
    idx character varying(40) NOT NULL,
    hospital_trasladado character varying(50) NOT NULL,
    medico_receptor character varying(50) NOT NULL,
    mpps_cmt character varying(20) NOT NULL,
    descripcion character varying(120) NOT NULL,
    material_utilizado character varying(100) NOT NULL,
    status character varying(100) NOT NULL,
    id_procedimiento_id bigint NOT NULL,
    id_tipo_traslado_id bigint NOT NULL
);


ALTER TABLE public.web_traslado_prehospitalaria OWNER TO postgres;

--
-- Name: web_traslado_prehospitalaria_id_seq; Type: SEQUENCE; Schema: public; Owner: postgres
--

ALTER TABLE public.web_traslado_prehospitalaria ALTER COLUMN id ADD GENERATED BY DEFAULT AS IDENTITY (
    SEQUENCE NAME public.web_traslado_prehospitalaria_id_seq
    START WITH 1
    INCREMENT BY 1
    NO MINVALUE
    NO MAXVALUE
    CACHE 1
);


--
-- Name: web_unidades; Type: TABLE; Schema: public; Owner: postgres
--

CREATE TABLE public.web_unidades (
    id bigint NOT NULL,
    nombre_unidad character varying(40) NOT NULL
);


ALTER TABLE public.web_unidades OWNER TO postgres;

--
-- Name: web_unidades_id_seq; Type: SEQUENCE; Schema: public; Owner: postgres
--

ALTER TABLE public.web_unidades ALTER COLUMN id ADD GENERATED BY DEFAULT AS IDENTITY (
    SEQUENCE NAME public.web_unidades_id_seq
    START WITH 1
    INCREMENT BY 1
    NO MINVALUE
    NO MAXVALUE
    CACHE 1
);


--
-- Name: web_usuarios; Type: TABLE; Schema: public; Owner: postgres
--

CREATE TABLE public.web_usuarios (
    id bigint NOT NULL,
    "user" character varying(20) NOT NULL,
    password character varying(20) NOT NULL,
    encargado_id bigint NOT NULL
);


ALTER TABLE public.web_usuarios OWNER TO postgres;

--
-- Name: web_usuarios_id_seq; Type: SEQUENCE; Schema: public; Owner: postgres
--

ALTER TABLE public.web_usuarios ALTER COLUMN id ADD GENERATED BY DEFAULT AS IDENTITY (
    SEQUENCE NAME public.web_usuarios_id_seq
    START WITH 1
    INCREMENT BY 1
    NO MINVALUE
    NO MAXVALUE
    CACHE 1
);


--
-- Name: web_valoracion_medica; Type: TABLE; Schema: public; Owner: postgres
--

CREATE TABLE public.web_valoracion_medica (
    id bigint NOT NULL,
    nombre character varying(80) NOT NULL,
    apellido character varying(80) NOT NULL,
    cedula character varying(12) NOT NULL,
    edad character varying(3) NOT NULL,
    sexo character varying(20) NOT NULL,
    telefono character varying(40) NOT NULL,
    descripcion character varying(120) NOT NULL,
    material_utilizado character varying(60) NOT NULL,
    status character varying(15) NOT NULL,
    id_procedimientos_id bigint NOT NULL
);


ALTER TABLE public.web_valoracion_medica OWNER TO postgres;

--
-- Name: web_valoracion_medica_id_seq; Type: SEQUENCE; Schema: public; Owner: postgres
--

ALTER TABLE public.web_valoracion_medica ALTER COLUMN id ADD GENERATED BY DEFAULT AS IDENTITY (
    SEQUENCE NAME public.web_valoracion_medica_id_seq
    START WITH 1
    INCREMENT BY 1
    NO MINVALUE
    NO MAXVALUE
    CACHE 1
);


--
-- Data for Name: auth_group; Type: TABLE DATA; Schema: public; Owner: postgres
--

COPY public.auth_group (id, name) FROM stdin;
\.


--
-- Data for Name: auth_group_permissions; Type: TABLE DATA; Schema: public; Owner: postgres
--

COPY public.auth_group_permissions (id, group_id, permission_id) FROM stdin;
\.


--
-- Data for Name: auth_permission; Type: TABLE DATA; Schema: public; Owner: postgres
--

COPY public.auth_permission (id, name, content_type_id, codename) FROM stdin;
1	Can add log entry	1	add_logentry
2	Can change log entry	1	change_logentry
3	Can delete log entry	1	delete_logentry
4	Can view log entry	1	view_logentry
5	Can add permission	2	add_permission
6	Can change permission	2	change_permission
7	Can delete permission	2	delete_permission
8	Can view permission	2	view_permission
9	Can add group	3	add_group
10	Can change group	3	change_group
11	Can delete group	3	delete_group
12	Can view group	3	view_group
13	Can add user	4	add_user
14	Can change user	4	change_user
15	Can delete user	4	delete_user
16	Can view user	4	view_user
17	Can add content type	5	add_contenttype
18	Can change content type	5	change_contenttype
19	Can delete content type	5	delete_contenttype
20	Can view content type	5	view_contenttype
21	Can add session	6	add_session
22	Can change session	6	change_session
23	Can delete session	6	delete_session
24	Can view session	6	view_session
25	Can add atenciones_ paramedicas	7	add_atenciones_paramedicas
26	Can change atenciones_ paramedicas	7	change_atenciones_paramedicas
27	Can delete atenciones_ paramedicas	7	delete_atenciones_paramedicas
28	Can view atenciones_ paramedicas	7	view_atenciones_paramedicas
29	Can add divisiones	8	add_divisiones
30	Can change divisiones	8	change_divisiones
31	Can delete divisiones	8	delete_divisiones
32	Can view divisiones	8	view_divisiones
33	Can add incendios	9	add_incendios
34	Can change incendios	9	change_incendios
35	Can delete incendios	9	delete_incendios
36	Can view incendios	9	view_incendios
37	Can add mitigacion_riesgo	10	add_mitigacion_riesgo
38	Can change mitigacion_riesgo	10	change_mitigacion_riesgo
39	Can delete mitigacion_riesgo	10	delete_mitigacion_riesgo
40	Can view mitigacion_riesgo	10	view_mitigacion_riesgo
41	Can add motivo_ alarma	11	add_motivo_alarma
42	Can change motivo_ alarma	11	change_motivo_alarma
43	Can delete motivo_ alarma	11	delete_motivo_alarma
44	Can view motivo_ alarma	11	view_motivo_alarma
45	Can add motivo_ avanzada	12	add_motivo_avanzada
46	Can change motivo_ avanzada	12	change_motivo_avanzada
47	Can delete motivo_ avanzada	12	delete_motivo_avanzada
48	Can view motivo_ avanzada	12	view_motivo_avanzada
49	Can add motivo_ despliegue	13	add_motivo_despliegue
50	Can change motivo_ despliegue	13	change_motivo_despliegue
51	Can delete motivo_ despliegue	13	delete_motivo_despliegue
52	Can view motivo_ despliegue	13	view_motivo_despliegue
53	Can add motivo_ prevencion	14	add_motivo_prevencion
54	Can change motivo_ prevencion	14	change_motivo_prevencion
55	Can delete motivo_ prevencion	14	delete_motivo_prevencion
56	Can view motivo_ prevencion	14	view_motivo_prevencion
57	Can add motivo_ riesgo	15	add_motivo_riesgo
58	Can change motivo_ riesgo	15	change_motivo_riesgo
59	Can delete motivo_ riesgo	15	delete_motivo_riesgo
60	Can view motivo_ riesgo	15	view_motivo_riesgo
61	Can add municipios	16	add_municipios
62	Can change municipios	16	change_municipios
63	Can delete municipios	16	delete_municipios
64	Can view municipios	16	view_municipios
65	Can add parroquias	17	add_parroquias
66	Can change parroquias	17	change_parroquias
67	Can delete parroquias	17	delete_parroquias
68	Can view parroquias	17	view_parroquias
69	Can add personal	18	add_personal
70	Can change personal	18	change_personal
71	Can delete personal	18	delete_personal
72	Can view personal	18	view_personal
73	Can add tipo_ accidente	19	add_tipo_accidente
74	Can change tipo_ accidente	19	change_tipo_accidente
75	Can delete tipo_ accidente	19	delete_tipo_accidente
76	Can view tipo_ accidente	19	view_tipo_accidente
77	Can add tipo_apoyo	20	add_tipo_apoyo
78	Can change tipo_apoyo	20	change_tipo_apoyo
79	Can delete tipo_apoyo	20	delete_tipo_apoyo
80	Can view tipo_apoyo	20	view_tipo_apoyo
81	Can add tipo_ cilindro	21	add_tipo_cilindro
82	Can change tipo_ cilindro	21	change_tipo_cilindro
83	Can delete tipo_ cilindro	21	delete_tipo_cilindro
84	Can view tipo_ cilindro	21	view_tipo_cilindro
85	Can add tipo_ incendio	22	add_tipo_incendio
86	Can change tipo_ incendio	22	change_tipo_incendio
87	Can delete tipo_ incendio	22	delete_tipo_incendio
88	Can view tipo_ incendio	22	view_tipo_incendio
89	Can add tipo_ institucion	23	add_tipo_institucion
90	Can change tipo_ institucion	23	change_tipo_institucion
91	Can delete tipo_ institucion	23	delete_tipo_institucion
92	Can view tipo_ institucion	23	view_tipo_institucion
93	Can add tipo_ rescate	24	add_tipo_rescate
94	Can change tipo_ rescate	24	change_tipo_rescate
95	Can delete tipo_ rescate	24	delete_tipo_rescate
96	Can view tipo_ rescate	24	view_tipo_rescate
97	Can add tipo_servicios	25	add_tipo_servicios
98	Can change tipo_servicios	25	change_tipo_servicios
99	Can delete tipo_servicios	25	delete_tipo_servicios
100	Can view tipo_servicios	25	view_tipo_servicios
101	Can add tipos_ procedimientos	26	add_tipos_procedimientos
102	Can change tipos_ procedimientos	26	change_tipos_procedimientos
103	Can delete tipos_ procedimientos	26	delete_tipos_procedimientos
104	Can view tipos_ procedimientos	26	view_tipos_procedimientos
105	Can add tipos_ traslado	27	add_tipos_traslado
106	Can change tipos_ traslado	27	change_tipos_traslado
107	Can delete tipos_ traslado	27	delete_tipos_traslado
108	Can view tipos_ traslado	27	view_tipos_traslado
109	Can add unidades	28	add_unidades
110	Can change unidades	28	change_unidades
111	Can delete unidades	28	delete_unidades
112	Can view unidades	28	view_unidades
113	Can add accidentes_ transito	29	add_accidentes_transito
114	Can change accidentes_ transito	29	change_accidentes_transito
115	Can delete accidentes_ transito	29	delete_accidentes_transito
116	Can view accidentes_ transito	29	view_accidentes_transito
117	Can add detalles_ vehiculos_ accidente	30	add_detalles_vehiculos_accidente
118	Can change detalles_ vehiculos_ accidente	30	change_detalles_vehiculos_accidente
119	Can delete detalles_ vehiculos_ accidente	30	delete_detalles_vehiculos_accidente
120	Can view detalles_ vehiculos_ accidente	30	view_detalles_vehiculos_accidente
121	Can add emergencias_ medicas	31	add_emergencias_medicas
122	Can change emergencias_ medicas	31	change_emergencias_medicas
123	Can delete emergencias_ medicas	31	delete_emergencias_medicas
124	Can view emergencias_ medicas	31	view_emergencias_medicas
125	Can add detalles_ vehiculos	32	add_detalles_vehiculos
126	Can change detalles_ vehiculos	32	change_detalles_vehiculos
127	Can delete detalles_ vehiculos	32	delete_detalles_vehiculos
128	Can view detalles_ vehiculos	32	view_detalles_vehiculos
129	Can add lesionados	33	add_lesionados
130	Can change lesionados	33	change_lesionados
131	Can delete lesionados	33	delete_lesionados
132	Can view lesionados	33	view_lesionados
133	Can add evaluacion_ riesgo	34	add_evaluacion_riesgo
134	Can change evaluacion_ riesgo	34	change_evaluacion_riesgo
135	Can delete evaluacion_ riesgo	34	delete_evaluacion_riesgo
136	Can view evaluacion_ riesgo	34	view_evaluacion_riesgo
137	Can add persona_ presente	35	add_persona_presente
138	Can change persona_ presente	35	change_persona_presente
139	Can delete persona_ presente	35	delete_persona_presente
140	Can view persona_ presente	35	view_persona_presente
141	Can add persona_ presente_ eval	36	add_persona_presente_eval
142	Can change persona_ presente_ eval	36	change_persona_presente_eval
143	Can delete persona_ presente_ eval	36	delete_persona_presente_eval
144	Can view persona_ presente_ eval	36	view_persona_presente_eval
145	Can add procedimientos	37	add_procedimientos
146	Can change procedimientos	37	change_procedimientos
147	Can delete procedimientos	37	delete_procedimientos
148	Can view procedimientos	37	view_procedimientos
149	Can add mitigacion_ riesgos	38	add_mitigacion_riesgos
150	Can change mitigacion_ riesgos	38	change_mitigacion_riesgos
151	Can delete mitigacion_ riesgos	38	delete_mitigacion_riesgos
152	Can view mitigacion_ riesgos	38	view_mitigacion_riesgos
153	Can add guardia_prevencion	39	add_guardia_prevencion
154	Can change guardia_prevencion	39	change_guardia_prevencion
155	Can delete guardia_prevencion	39	delete_guardia_prevencion
156	Can view guardia_prevencion	39	view_guardia_prevencion
157	Can add falsa_ alarma	40	add_falsa_alarma
158	Can change falsa_ alarma	40	change_falsa_alarma
159	Can delete falsa_ alarma	40	delete_falsa_alarma
160	Can view falsa_ alarma	40	view_falsa_alarma
161	Can add fallecidos	41	add_fallecidos
162	Can change fallecidos	41	change_fallecidos
163	Can delete fallecidos	41	delete_fallecidos
164	Can view fallecidos	41	view_fallecidos
165	Can add despliegue_ seguridad	42	add_despliegue_seguridad
166	Can change despliegue_ seguridad	42	change_despliegue_seguridad
167	Can delete despliegue_ seguridad	42	delete_despliegue_seguridad
168	Can view despliegue_ seguridad	42	view_despliegue_seguridad
169	Can add atendido_no_ efectuado	43	add_atendido_no_efectuado
170	Can change atendido_no_ efectuado	43	change_atendido_no_efectuado
171	Can delete atendido_no_ efectuado	43	delete_atendido_no_efectuado
172	Can view atendido_no_ efectuado	43	view_atendido_no_efectuado
173	Can add asesoramiento	44	add_asesoramiento
174	Can change asesoramiento	44	change_asesoramiento
175	Can delete asesoramiento	44	delete_asesoramiento
176	Can view asesoramiento	44	view_asesoramiento
177	Can add puesto_ avanzada	45	add_puesto_avanzada
178	Can change puesto_ avanzada	45	change_puesto_avanzada
179	Can delete puesto_ avanzada	45	delete_puesto_avanzada
180	Can view puesto_ avanzada	45	view_puesto_avanzada
181	Can add reinspeccion_ prevencion	46	add_reinspeccion_prevencion
182	Can change reinspeccion_ prevencion	46	change_reinspeccion_prevencion
183	Can delete reinspeccion_ prevencion	46	delete_reinspeccion_prevencion
184	Can view reinspeccion_ prevencion	46	view_reinspeccion_prevencion
185	Can add rescate	47	add_rescate
186	Can change rescate	47	change_rescate
187	Can delete rescate	47	delete_rescate
188	Can view rescate	47	view_rescate
189	Can add rescate_ animal	48	add_rescate_animal
190	Can change rescate_ animal	48	change_rescate_animal
191	Can delete rescate_ animal	48	delete_rescate_animal
192	Can view rescate_ animal	48	view_rescate_animal
193	Can add rescate_ persona	49	add_rescate_persona
194	Can change rescate_ persona	49	change_rescate_persona
195	Can delete rescate_ persona	49	delete_rescate_persona
196	Can view rescate_ persona	49	view_rescate_persona
197	Can add retencion_ preventiva	50	add_retencion_preventiva
198	Can change retencion_ preventiva	50	change_retencion_preventiva
199	Can delete retencion_ preventiva	50	delete_retencion_preventiva
200	Can view retencion_ preventiva	50	view_retencion_preventiva
201	Can add apoyo_ unidades	51	add_apoyo_unidades
202	Can change apoyo_ unidades	51	change_apoyo_unidades
203	Can delete apoyo_ unidades	51	delete_apoyo_unidades
204	Can view apoyo_ unidades	51	view_apoyo_unidades
205	Can add abastecimiento_agua	52	add_abastecimiento_agua
206	Can change abastecimiento_agua	52	change_abastecimiento_agua
207	Can delete abastecimiento_agua	52	delete_abastecimiento_agua
208	Can view abastecimiento_agua	52	view_abastecimiento_agua
209	Can add servicios_ especiales	53	add_servicios_especiales
210	Can change servicios_ especiales	53	change_servicios_especiales
211	Can delete servicios_ especiales	53	delete_servicios_especiales
212	Can view servicios_ especiales	53	view_servicios_especiales
213	Can add traslado	54	add_traslado
214	Can change traslado	54	change_traslado
215	Can delete traslado	54	delete_traslado
216	Can view traslado	54	view_traslado
217	Can add traslado_ accidente	55	add_traslado_accidente
218	Can change traslado_ accidente	55	change_traslado_accidente
219	Can delete traslado_ accidente	55	delete_traslado_accidente
220	Can view traslado_ accidente	55	view_traslado_accidente
221	Can add traslado_ prehospitalaria	56	add_traslado_prehospitalaria
222	Can change traslado_ prehospitalaria	56	change_traslado_prehospitalaria
223	Can delete traslado_ prehospitalaria	56	delete_traslado_prehospitalaria
224	Can view traslado_ prehospitalaria	56	view_traslado_prehospitalaria
225	Can add usuarios	57	add_usuarios
226	Can change usuarios	57	change_usuarios
227	Can delete usuarios	57	delete_usuarios
228	Can view usuarios	57	view_usuarios
229	Can add tipos_ artificios	58	add_tipos_artificios
230	Can change tipos_ artificios	58	change_tipos_artificios
231	Can delete tipos_ artificios	58	delete_tipos_artificios
232	Can view tipos_ artificios	58	view_tipos_artificios
233	Can add artificios_ pirotecnicos	59	add_artificios_pirotecnicos
234	Can change artificios_ pirotecnicos	59	change_artificios_pirotecnicos
235	Can delete artificios_ pirotecnicos	59	delete_artificios_pirotecnicos
236	Can view artificios_ pirotecnicos	59	view_artificios_pirotecnicos
237	Can add fallecidos_ art	60	add_fallecidos_art
238	Can change fallecidos_ art	60	change_fallecidos_art
239	Can delete fallecidos_ art	60	delete_fallecidos_art
240	Can view fallecidos_ art	60	view_fallecidos_art
241	Can add incendios_ art	61	add_incendios_art
242	Can change incendios_ art	61	change_incendios_art
243	Can delete incendios_ art	61	delete_incendios_art
244	Can view incendios_ art	61	view_incendios_art
245	Can add detalles_ vehiculos_ art	62	add_detalles_vehiculos_art
246	Can change detalles_ vehiculos_ art	62	change_detalles_vehiculos_art
247	Can delete detalles_ vehiculos_ art	62	delete_detalles_vehiculos_art
248	Can view detalles_ vehiculos_ art	62	view_detalles_vehiculos_art
249	Can add lesionados_ art	63	add_lesionados_art
250	Can change lesionados_ art	63	change_lesionados_art
251	Can delete lesionados_ art	63	delete_lesionados_art
252	Can view lesionados_ art	63	view_lesionados_art
253	Can add persona_ presente_ art	64	add_persona_presente_art
254	Can change persona_ presente_ art	64	change_persona_presente_art
255	Can delete persona_ presente_ art	64	delete_persona_presente_art
256	Can view persona_ presente_ art	64	view_persona_presente_art
257	Can add inspeccion_ establecimiento_ art	65	add_inspeccion_establecimiento_art
258	Can change inspeccion_ establecimiento_ art	65	change_inspeccion_establecimiento_art
259	Can delete inspeccion_ establecimiento_ art	65	delete_inspeccion_establecimiento_art
260	Can view inspeccion_ establecimiento_ art	65	view_inspeccion_establecimiento_art
261	Can add valoracion_ medica	66	add_valoracion_medica
262	Can change valoracion_ medica	66	change_valoracion_medica
263	Can delete valoracion_ medica	66	delete_valoracion_medica
264	Can view valoracion_ medica	66	view_valoracion_medica
265	Can add doctores	67	add_doctores
266	Can change doctores	67	change_doctores
267	Can delete doctores	67	delete_doctores
268	Can view doctores	67	view_doctores
269	Can add enfermeros	68	add_enfermeros
270	Can change enfermeros	68	change_enfermeros
271	Can delete enfermeros	68	delete_enfermeros
272	Can view enfermeros	68	view_enfermeros
273	Can add psicologa	69	add_psicologa
274	Can change psicologa	69	change_psicologa
275	Can delete psicologa	69	delete_psicologa
276	Can view psicologa	69	view_psicologa
277	Can add detalles_ enfermeria	70	add_detalles_enfermeria
278	Can change detalles_ enfermeria	70	change_detalles_enfermeria
279	Can delete detalles_ enfermeria	70	delete_detalles_enfermeria
280	Can view detalles_ enfermeria	70	view_detalles_enfermeria
281	Can add procedimientos_ psicologia	71	add_procedimientos_psicologia
282	Can change procedimientos_ psicologia	71	change_procedimientos_psicologia
283	Can delete procedimientos_ psicologia	71	delete_procedimientos_psicologia
284	Can view procedimientos_ psicologia	71	view_procedimientos_psicologia
285	Can add procedimientos_ capacitacion	72	add_procedimientos_capacitacion
286	Can change procedimientos_ capacitacion	72	change_procedimientos_capacitacion
287	Can delete procedimientos_ capacitacion	72	delete_procedimientos_capacitacion
288	Can view procedimientos_ capacitacion	72	view_procedimientos_capacitacion
289	Can add procedimientos_ frente_ preventivo	73	add_procedimientos_frente_preventivo
290	Can change procedimientos_ frente_ preventivo	73	change_procedimientos_frente_preventivo
291	Can delete procedimientos_ frente_ preventivo	73	delete_procedimientos_frente_preventivo
292	Can view procedimientos_ frente_ preventivo	73	view_procedimientos_frente_preventivo
293	Can add jornada_ medica	74	add_jornada_medica
294	Can change jornada_ medica	74	change_jornada_medica
295	Can delete jornada_ medica	74	delete_jornada_medica
296	Can view jornada_ medica	74	view_jornada_medica
297	Can add inspeccion_ prevencion_ asesorias_ tecnicas	75	add_inspeccion_prevencion_asesorias_tecnicas
298	Can change inspeccion_ prevencion_ asesorias_ tecnicas	75	change_inspeccion_prevencion_asesorias_tecnicas
299	Can delete inspeccion_ prevencion_ asesorias_ tecnicas	75	delete_inspeccion_prevencion_asesorias_tecnicas
300	Can view inspeccion_ prevencion_ asesorias_ tecnicas	75	view_inspeccion_prevencion_asesorias_tecnicas
301	Can add inspeccion_ otros	76	add_inspeccion_otros
302	Can change inspeccion_ otros	76	change_inspeccion_otros
303	Can delete inspeccion_ otros	76	delete_inspeccion_otros
304	Can view inspeccion_ otros	76	view_inspeccion_otros
305	Can add inspeccion_ habitabilidad	77	add_inspeccion_habitabilidad
306	Can change inspeccion_ habitabilidad	77	change_inspeccion_habitabilidad
307	Can delete inspeccion_ habitabilidad	77	delete_inspeccion_habitabilidad
308	Can view inspeccion_ habitabilidad	77	view_inspeccion_habitabilidad
309	Can add inspeccion_ arbol	78	add_inspeccion_arbol
310	Can change inspeccion_ arbol	78	change_inspeccion_arbol
311	Can delete inspeccion_ arbol	78	delete_inspeccion_arbol
312	Can view inspeccion_ arbol	78	view_inspeccion_arbol
313	Can add tipos_ investigacion	79	add_tipos_investigacion
314	Can change tipos_ investigacion	79	change_tipos_investigacion
315	Can delete tipos_ investigacion	79	delete_tipos_investigacion
316	Can view tipos_ investigacion	79	view_tipos_investigacion
317	Can add investigacion	80	add_investigacion
318	Can change investigacion	80	change_investigacion
319	Can delete investigacion	80	delete_investigacion
320	Can view investigacion	80	view_investigacion
321	Can add investigacion_ comercio	81	add_investigacion_comercio
322	Can change investigacion_ comercio	81	change_investigacion_comercio
323	Can delete investigacion_ comercio	81	delete_investigacion_comercio
324	Can view investigacion_ comercio	81	view_investigacion_comercio
325	Can add investigacion_ estructura_ vivienda	82	add_investigacion_estructura_vivienda
326	Can change investigacion_ estructura_ vivienda	82	change_investigacion_estructura_vivienda
327	Can delete investigacion_ estructura_ vivienda	82	delete_investigacion_estructura_vivienda
328	Can view investigacion_ estructura_ vivienda	82	view_investigacion_estructura_vivienda
329	Can add investigacion_ vehiculo	83	add_investigacion_vehiculo
330	Can change investigacion_ vehiculo	83	change_investigacion_vehiculo
331	Can delete investigacion_ vehiculo	83	delete_investigacion_vehiculo
332	Can view investigacion_ vehiculo	83	view_investigacion_vehiculo
\.


--
-- Data for Name: auth_user; Type: TABLE DATA; Schema: public; Owner: postgres
--

COPY public.auth_user (id, password, last_login, is_superuser, username, first_name, last_name, email, is_staff, is_active, date_joined) FROM stdin;
1	pbkdf2_sha256$870000$biwTghPB4oH1NEofna64GR$1gNuxOQ0wgBRjUrhN5BCDiPWZ1qwKju6bif+VKQznGE=	2024-11-05 13:40:02.443823-04	t	Sala_situacional			salasituacional@gmail.com	t	t	2024-09-03 14:58:35.961-04
\.


--
-- Data for Name: auth_user_groups; Type: TABLE DATA; Schema: public; Owner: postgres
--

COPY public.auth_user_groups (id, user_id, group_id) FROM stdin;
\.


--
-- Data for Name: auth_user_user_permissions; Type: TABLE DATA; Schema: public; Owner: postgres
--

COPY public.auth_user_user_permissions (id, user_id, permission_id) FROM stdin;
\.


--
-- Data for Name: django_admin_log; Type: TABLE DATA; Schema: public; Owner: postgres
--

COPY public.django_admin_log (id, action_time, object_id, object_repr, action_flag, change_message, content_type_id, user_id) FROM stdin;
\.


--
-- Data for Name: django_content_type; Type: TABLE DATA; Schema: public; Owner: postgres
--

COPY public.django_content_type (id, app_label, model) FROM stdin;
2	auth	permission
3	auth	group
4	auth	user
5	contenttypes	contenttype
6	sessions	session
7	web	atenciones_paramedicas
8	web	divisiones
9	web	incendios
10	web	mitigacion_riesgo
11	web	motivo_alarma
12	web	motivo_avanzada
13	web	motivo_despliegue
14	web	motivo_prevencion
15	web	motivo_riesgo
16	web	municipios
17	web	parroquias
18	web	personal
19	web	tipo_accidente
20	web	tipo_apoyo
21	web	tipo_cilindro
22	web	tipo_incendio
23	web	tipo_institucion
24	web	tipo_rescate
25	web	tipo_servicios
26	web	tipos_procedimientos
27	web	tipos_traslado
28	web	unidades
29	web	accidentes_transito
30	web	detalles_vehiculos_accidente
31	web	emergencias_medicas
32	web	detalles_vehiculos
33	web	lesionados
34	web	evaluacion_riesgo
35	web	persona_presente
36	web	persona_presente_eval
37	web	procedimientos
38	web	mitigacion_riesgos
39	web	guardia_prevencion
40	web	falsa_alarma
41	web	fallecidos
42	web	despliegue_seguridad
43	web	atendido_no_efectuado
44	web	asesoramiento
45	web	puesto_avanzada
46	web	reinspeccion_prevencion
47	web	rescate
48	web	rescate_animal
49	web	rescate_persona
50	web	retencion_preventiva
51	web	apoyo_unidades
52	web	abastecimiento_agua
53	web	servicios_especiales
54	web	traslado
55	web	traslado_accidente
56	web	traslado_prehospitalaria
57	web	usuarios
58	web	tipos_artificios
59	web	artificios_pirotecnicos
60	web	fallecidos_art
61	web	incendios_art
62	web	detalles_vehiculos_art
63	web	lesionados_art
64	web	persona_presente_art
65	web	inspeccion_establecimiento_art
66	web	valoracion_medica
67	web	doctores
68	web	enfermeros
69	web	psicologa
70	web	detalles_enfermeria
71	web	procedimientos_psicologia
72	web	procedimientos_capacitacion
73	web	procedimientos_frente_preventivo
74	web	jornada_medica
75	web	inspeccion_prevencion_asesorias_tecnicas
76	web	inspeccion_otros
77	web	inspeccion_habitabilidad
78	web	inspeccion_arbol
79	web	tipos_investigacion
80	web	investigacion
81	web	investigacion_comercio
82	web	investigacion_estructura_vivienda
83	web	investigacion_vehiculo
1	admin	logentry
\.


--
-- Data for Name: django_migrations; Type: TABLE DATA; Schema: public; Owner: postgres
--

COPY public.django_migrations (id, app, name, applied) FROM stdin;
1	contenttypes	0001_initial	2024-11-05 13:29:19.788168-04
2	auth	0001_initial	2024-11-05 13:29:19.960035-04
3	admin	0001_initial	2024-11-05 13:29:20.008297-04
4	admin	0002_logentry_remove_auto_add	2024-11-05 13:29:20.018923-04
5	admin	0003_logentry_add_action_flag_choices	2024-11-05 13:29:20.028295-04
6	contenttypes	0002_remove_content_type_name	2024-11-05 13:29:20.053932-04
7	auth	0002_alter_permission_name_max_length	2024-11-05 13:29:20.066759-04
8	auth	0003_alter_user_email_max_length	2024-11-05 13:29:20.077971-04
9	auth	0004_alter_user_username_opts	2024-11-05 13:29:20.08886-04
10	auth	0005_alter_user_last_login_null	2024-11-05 13:29:20.099187-04
11	auth	0006_require_contenttypes_0002	2024-11-05 13:29:20.10136-04
12	auth	0007_alter_validators_add_error_messages	2024-11-05 13:29:20.111031-04
13	auth	0008_alter_user_username_max_length	2024-11-05 13:29:20.13322-04
14	auth	0009_alter_user_last_name_max_length	2024-11-05 13:29:20.143965-04
15	auth	0010_alter_group_name_max_length	2024-11-05 13:29:20.156598-04
16	auth	0011_update_proxy_permissions	2024-11-05 13:29:20.166005-04
17	auth	0012_alter_user_first_name_max_length	2024-11-05 13:29:20.176147-04
18	sessions	0001_initial	2024-11-05 13:29:20.202422-04
19	web	0001_initial	2024-11-05 13:29:21.681339-04
20	web	0002_reinspeccion_prevencion_rif_comercio	2024-11-05 13:29:21.741113-04
21	web	0003_remove_reinspeccion_prevencion_nombre_comercio	2024-11-05 13:29:21.768691-04
22	web	0004_reinspeccion_prevencion_nombre_comercio	2024-11-05 13:29:21.799119-04
23	web	0005_reinspeccion_prevencion_sexo	2024-11-05 13:29:21.832666-04
24	web	0006_asesoramiento_nombre_comercio_and_more	2024-11-05 13:29:21.996673-04
25	web	0007_alter_reinspeccion_prevencion_nombre_comercio	2024-11-05 13:29:22.029815-04
26	web	0008_evaluacion_riesgo_tipo_estructura	2024-11-05 13:29:22.060269-04
27	web	0009_tipos_artificios_artificios_pirotecnicos	2024-11-05 13:29:22.186693-04
28	web	0010_remove_artificios_pirotecnicos_id_fallecido_and_more	2024-11-05 13:29:22.691158-04
29	web	0011_lesionados_art_status	2024-11-05 13:29:22.704663-04
30	web	0012_inspeccion_establecimiento_art	2024-11-05 13:29:22.791554-04
31	web	0013_alter_tipos_procedimientos_tipo_procedimiento	2024-11-05 13:29:22.801693-04
32	web	0014_procedimientos_dependencia_and_more	2024-11-05 13:29:23.13063-04
33	web	0015_alter_procedimientos_efectivos_enviados_and_more	2024-11-05 13:29:23.235828-04
34	web	0016_procedimientos_tipo_servicio	2024-11-05 13:29:23.269339-04
35	web	0017_alter_procedimientos_id_jefe_comision_and_more	2024-11-05 13:29:23.520597-04
36	web	0018_doctores_alter_procedimientos_dependencia	2024-11-05 13:29:23.569928-04
37	web	0019_enfermeros_psicologa	2024-11-05 13:29:23.59437-04
38	web	0020_detalles_enfermeria	2024-11-05 13:29:23.67294-04
39	web	0021_procedimientos_psicologia	2024-11-05 13:29:23.750374-04
40	web	0022_procedimientos_capacitacion_and_more	2024-11-05 13:29:23.777016-04
41	web	0023_procedimientos_capacitacion_id_procedimientos_and_more	2024-11-05 13:29:23.926762-04
42	web	0024_alter_procedimientos_id_parroquia_and_more	2024-11-05 13:29:24.044484-04
43	web	0025_jornada_medica	2024-11-05 13:29:24.147147-04
44	web	0026_inspecciones_and_more	2024-11-05 13:29:24.534301-04
45	web	0027_remove_inspeccion_habitabilidad_id_inspeccion_and_more	2024-11-05 13:29:25.375587-04
46	web	0028_tipos_investigacion_investigacion	2024-11-05 13:29:25.474917-04
47	web	0029_investigacion_tipo_siniestro_investigacion_comercio_and_more	2024-11-05 13:29:25.771577-04
48	web	0030_personal2_alter_procedimientos_id_jefe_comision_and_more	2024-11-05 13:29:25.941408-04
49	web	0031_delete_personal2	2024-11-05 13:29:25.946648-04
50	web	0032_personal2	2024-11-05 13:29:25.973991-04
51	web	0033_delete_personal2	2024-11-05 13:29:25.978935-04
52	web	0034_personal_cedula_personal_sexo	2024-11-05 13:29:26.013792-04
53	web	0035_personal_rol	2024-11-05 13:29:26.02501-04
54	web	0036_personal_status	2024-11-05 13:29:26.035137-04
\.


--
-- Data for Name: django_session; Type: TABLE DATA; Schema: public; Owner: postgres
--

COPY public.django_session (session_key, session_data, expire_date) FROM stdin;
0bggb3zqq5gc790fzoss1war6g1yfvhn	.eJxVzDEOgzAMBdC7eEaIQBqgW7tzBuTEpoRC0gYYKsTdSyQWJkvvf_8N1pkD3LfzAtJkHSQwcMDwXS0e9jjN-UkHnqO4pffudxh-eBwt-aiNDwh7Ai2uS9_GwdbS4QIuptG82cWABnQvnxrvlmB1Givpmc5p44nH59m9DPQ498d3xSorK9kZzBAVmaIoRVkYU5gb5qLWMicpa5VT1QnRqSojSZxxZ0oplGaC_Q_XS1Ow:1sqHRP:21nhCjBGLVBZi4F7PEHHUfbtoDXEuTLbP9dc70uWoCE	2024-09-30 15:31:19.208-04
2rt91qkljx8rhwo765bhg3grdga67yeb	.eJxVjUFqwzAQRa8StA7GslXZ6a6F0lWhtAcw45lxrdSR3JFcKCF3rwTeZDXw3_t_rmqLLOrxul_1yR-_L6KO6swC8rM5yOErxxTkQHxYJfwxppAFHy6jcMz4iS7Ou5gEKJQqrLwsjkJh7-I8uhUWdTuqAbY0D-XT4ChDre6yEfCbfQF0Bv8VKgw-iRurolQ7jdVbIF6ed_duYIY453bPtu56MyHUAJawbTvdtYgtPkCjT6NpyJiTbaiftJ5sX5MhrnnCzmg7MqnbP6W4XWo:1t5tQR:nn_2-mWwiY5McB2EMDWZ-64L3mgkfKTsWTazAVtVyrU	2024-10-29 22:06:51.64-04
4mnnp6ddel7eq0k2h23ea8smujfnxow0	.eJyrViotTi1SsqqG0kqJKbmZeUo6SlmpRYlFhaWZiUAxR6hYXn5uUlFqMUgkryQjP68SKJZYkJqTk5mSDxL1zS9KVKqtBQCs3BxS:1sybg8:bkrHyjszv-3d4KAANqk7bZu6FGMCwhbVhlCiQgGWs5I	2024-10-23 14:44:56.944-04
4u87d9iizusgmqr6g9u1tqq3d2tz4pxw	.eJxVzEEOgyAQBdC7sG6MKAV11-49gxmYsWIVWtRFY7x7JWHRriZ5_8_fWQfbOnTbQqGzyBrG2eXXNJgnuRjgCO7hM-PdGqzOYiVL6ZK1Hmm6p-7fwADLcH5XJHNVid5ADiDRlKXiqjSmNFcoeK1FgULUssCq57yXVY4CKafeKMGlpjga51izp8sAZ-tOHilAeG8WTrslc37WgZYobh28-5wGL5omiz5q6wOw4_gChHNTsA:1t00kO:pEmCuo8UYsx-FC7JBl1_jnX_gvtyvE7Msh5_viegvLc	2024-10-27 11:43:08.695-04
7nrxjj7jw3b921e2kjvb9wkcqpzbbkfe	.eJyrViotTi1SsqqG0kqJKbmZeUo6SlmpRYlFhaWZiUAxR6hYXn5uUlFqMUgkryQjP68SKJZYkJqTk5mSDxL1zS9KVKqtBQCs3BxS:1syHaq:eIk63Wagru62IApKFixjWMdPj2tRIutFe0qBJ1NslJA	2024-10-22 17:18:08.674-04
7qfd6om1cgzgy8z52t27i60yik5m6sd2	.eJyrViotTi1SsqqG0kqJKbmZeUo6SlmpRYlFhaWZiUAxR6hYXn5uUlFqMUgkryQjP68SKJZYkJqTk5mSDxL1zS9KVKqtBQCs3BxS:1sxfnr:hIbPb-T-dMdBIxWQ4uTtptOOU9RUnTwTEB75tOac1jQ	2024-10-21 00:57:03.702-04
7tasca063guujbv2jsoazroz73lz3wxm	.eJxVjDsOwjAQBe_iGln-YTuU9DmDtd5d4wBypDipEHeHSCmgfTPzXiLBtta0dV7SROIitDj9bhnwwW0HdId2myXObV2mLHdFHrTLcSZ-Xg_376BCr986slchuoKgADyhtUEHi2jxDEYP2RlybvCGYtG6-KjIESsuGJz2mUm8P-PNOCs:1slYkC:wOR9jaet3YhyGybkrp2emB6qbyzH2MFNQ4_gjP4iVeo	2024-09-17 14:59:12.147-04
86qk5y8luqmg62e5rjs5a1mpdnjc3y4a	.eJyrViotTi1SsqqG0kqJKbmZeUo6SlmpRYlFhaWZiUAxR6hYXn5uUlFqMUgkryQjP68SKJZYkJqTk5mSDxL1zS9KVKqtBQCs3BxS:1sz5qy:HNHvaaBiDFd0HUDG2S8ObtMuaRsKyaDrswI-kE-X6dM	2024-10-24 22:58:08.264-04
8q5zd0spew6o3ps1l032l6cn6pzynquc	.eJxVzDEOgzAMBdC7eEaIQBqgW7tzBuTEpoRC0gYYKsTdSyQWJkvvf_8N1pkD3LfzAtJkHSQwcMDwXS0e9jjN-UkHnqO4pffudxh-eBwt-aiNDwh7Ai2uS9_GwdbS4QIuptG82cWABnQvnxrvlmB1Givpmc5p44nH59m9DPQ498d3xSorK9kZzBAVmaIoRVkYU5gb5qLWMicpa5VT1QnRqSojSZxxZ0oplGaC_Q_XS1Ow:1so4Yw:xkbKsIO2Q7Nzf6bDt93626soBVD646t5xxN7gYo7ESE	2024-09-24 13:21:58.342-04
99sm2f2ky2olaq8hrwlsdydxlwl0t2me	.eJyrViotTi1SsqqG0kqJKbmZeUo6SlmpRYlFhaWZiUAxR6hYXn5uUlFqMUgkryQjP68SKJZYkJqTk5mSDxL1zS9KVKqtBQCs3BxS:1so6SY:rwJXO9m4P-EteQGW8XDjFPwNCveImNvuO-Gw5kXcafU	2024-09-24 15:23:30.327-04
aeesv64grj8j10oam8ctnatwze4x5h36	.eJxVzDEOgzAMBdC7eEaIQBqgW7tzBuTEpoRC0gYYKsTdSyQWJkvvf_8N1pkD3LfzAtJkHSQwcMDwXS0e9jjN-UkHnqO4pffudxh-eBwt-aiNDwh7Ai2uS9_GwdbS4QIuptG82cWABnQvnxrvlmB1Givpmc5p44nH59m9DPQ498d3xSorK9kZzBAVmaIoRVkYU5gb5qLWMicpa5VT1QnRqSojSZxxZ0oplGaC_Q_XS1Ow:1syG6K:flPdM8kwrOAXWhUqwy8Vjv42qXQ0z7XwQsmhyjNznDY	2024-10-22 15:42:32.538-04
as9krq6uq3h1cu0974pceu1xfr5h5tc3	.eJyrViotTi1SsqqG0kqJKbmZeUo6SlmpRYlFhaWZiUAxR6hYXn5uUlFqMUgkryQjP68SKJZYkJqTk5mSDxL1zS9KVKqtBQCs3BxS:1sw52A:oy_YJunmSzp5stCUF2fv2U0gQF5k_-zQ_A-sszb5o7A	2024-10-16 15:29:14.74-04
bj9o60pczdxkqlcr4x4zdshtsqd75wu4	.eJxVzDEOgzAMBdC7eEaIQBqgW7tzBuTEpoRC0gYYKsTdSyQWJkvvf_8N1pkD3LfzAtJkHSQwcMDwXS0e9jjN-UkHnqO4pffudxh-eBwt-aiNDwh7Ai2uS9_GwdbS4QIuptG82cWABnQvnxrvlmB1Givpmc5p44nH59m9DPQ498d3xSorK9kZzBAVmaIoRVkYU5gb5qLWMicpa5VT1QnRqSojSZxxZ0oplGaC_Q_XS1Ow:1snhrg:GXwN_OMJ9r7VJ50vq0pFPnGS56oZ9WietRdyZwEhs1g	2024-09-23 13:07:48.867-04
c4rgd5xguqeqqadsx1g6meargn4q6bjs	.eJxVzDEOgzAMBdC7eEaIQBqgW7tzBuTEpoRC0gYYKsTdSyQWJkvvf_8N1pkD3LfzAtJkHSQwcMDwXS0e9jjN-UkHnqO4pffudxh-eBwt-aiNDwh7Ai2uS9_GwdbS4QIuptG82cWABnQvnxrvlmB1Givpmc5p44nH59m9DPQ498d3xSorK9kZzBAVmaIoRVkYU5gb5qLWMicpa5VT1QnRqSojSZxxZ0oplGaC_Q_XS1Ow:1svLLP:t1c3dPU-V_i2YD8OxtIP_YVOAAy32HHIOcCcD3eiZSI	2024-10-14 14:42:03.858-04
cekq4m84rlo5xek3pvp76umvlgvsh4rb	.eJxVjUFqwzAQRa8StA7GslXZ6a6F0lWhtAcw45lxrdSR3JFcKCF3rwTeZDXw3_t_rmqLLOrxul_1yR-_L6KO6swC8rM5yOErxxTkQHxYJfwxppAFHy6jcMz4iS7Ou5gEKJQqrLwsjkJh7-I8uhUWdTuqAbY0D-XT4ChDre6yEfCbfQF0Bv8VKgw-iRurolQ7jdVbIF6ed_duYIY453bPtu56MyHUAJawbTvdtYgtPkCjT6NpyJiTbaiftJ5sX5MhrnnCzmg7MqnbP6W4XWo:1t5ren:URmtKqTq0_g4h6_PHrvpdY1O_rRxl0lqDfrWjslI8JI	2024-10-29 20:13:33.855-04
cgk1g4l96ch7a9u24wwrltm7e4rir1k8	.eJwtizEKgDAQBL8iV_sCOwuxFX3Baa44ibm4iYKIfzeC1cDOzk1HElBz_6RJxrMD1bQKGPuhXMZeUjZUTqoIu2TJVg7BthmSim7dpkFTBjv7Uo7ivTr73AANi0b29DwvBWsmDA:1t6rz9:vGDVy-UCYpR3OEWHvDiE9FMThezrxzHrbhITVOqyjow	2024-11-01 14:46:43.794-04
cuat4of7b89qcjet9nny7k38hyz89gd5	.eJxVzDEOgzAMBdC7eEaIQBqgW7tzBuTEpoRC0gYYKsTdSyQWJkvvf_8N1pkD3LfzAtJkHSQwcMDwXS0e9jjN-UkHnqO4pffudxh-eBwt-aiNDwh7Ai2uS9_GwdbS4QIuptG82cWABnQvnxrvlmB1Givpmc5p44nH59m9DPQ498d3xSorK9kZzBAVmaIoRVkYU5gb5qLWMicpa5VT1QnRqSojSZxxZ0oplGaC_Q_XS1Ow:1so13j:L8HTYUI5n6qy8A81ZZQRR_d4cwAICeNibsYTNkq8a0E	2024-09-24 09:37:31.556-04
er0o5z3birziq73hbaquhgjzk6hvrqrj	.eJwtizEKgDAQBL8iV_sCOwuxFX3Baa44ibm4iYKIfzeC1cDOzk1HElBz_6RJxrMD1bQKGPuhXMZeUjZUTqoIu2TJVg7BthmSim7dpkFTBjv7Uo7ivTr73AANi0b29DwvBWsmDA:1t8ISp:zJ74lIaFPbvLkBv9yv9CcsPLzK2mv-Z9yjMhutRfYvA	2024-11-05 13:15:15.588-04
f3lysd2oanj1gxutw0hfbxenvuy3yza3	.eJxVzDEOgzAMBdC7eEaIQBqgW7tzBuTEpoRC0gYYKsTdSyQWJkvvf_8N1pkD3LfzAtJkHSQwcMDwXS0e9jjN-UkHnqO4pffudxh-eBwt-aiNDwh7Ai2uS9_GwdbS4QIuptG82cWABnQvnxrvlmB1Givpmc5p44nH59m9DPQ498d3xSorK9kZzBAVmaIoRVkYU5gb5qLWMicpa5VT1QnRqSojSZxxZ0oplGaC_Q_XS1Ow:1svcmR:NvcJ4z4NOKJqrDf5IR1G1SXYVHNsyLqyyHuKhLae3ZU	2024-10-15 09:19:07.008-04
fq9hl47o8tnym0u0qcvp400b4ej10xb6	.eJyrViotTi1SsqqG0kqJKbmZeUo6SlmpRYlFhaWZiUAxR6hYXn5uUlFqMUgkryQjP68SKJZYkJqTk5mSDxL1zS9KVKqtBQCs3BxS:1sqX2r:CiDFmne_KlZmHYsRtGYoLKuSYQyfanpCPp1vS3J5hIY	2024-10-01 08:11:01.222-04
giy0w1thp21xalwt4ajaq927rq54v2la	.eJxVjUFqwzAQRa8StA7GslXZ6a6F0lWhtAcw45lxrdSR3JFcKCF3rwTeZDXw3_t_rmqLLOrxul_1yR-_L6KO6swC8rM5yOErxxTkQHxYJfwxppAFHy6jcMz4iS7Ou5gEKJQqrLwsjkJh7-I8uhUWdTuqAbY0D-XT4ChDre6yEfCbfQF0Bv8VKgw-iRurolQ7jdVbIF6ed_duYIY453bPtu56MyHUAJawbTvdtYgtPkCjT6NpyJiTbaiftJ5sX5MhrnnCzmg7MqnbP6W4XWo:1t6Clb:_nhVSazrRCwQYCGvaSo_ZBoSnrPHqTW_83BJTXBZdKo	2024-10-30 18:45:59.516-04
guik76ybm2befeipj5g0oev6z649de4f	.eJwtizEKgDAQBL8iV_sCOwuxFX3Baa44ibm4iYKIfzeC1cDOzk1HElBz_6RJxrMD1bQKGPuhXMZeUjZUTqoIu2TJVg7BthmSim7dpkFTBjv7Uo7ivTr73AANi0b29DwvBWsmDA:1t6XPy:aNkZb23EDSb2hUJ6S5oyZL9ugDTrX9-RdYGQ97qvW0k	2024-10-31 16:49:02.626-04
h544bb5poubfmgkdrsalq44ai424nz6e	.eJxVzDEOgzAMBdC7eEaIQBqgW7tzBuTEpoRC0gYYKsTdSyQWJkvvf_8N1pkD3LfzAtJkHSQwcMDwXS0e9jjN-UkHnqO4pffudxh-eBwt-aiNDwh7Ai2uS9_GwdbS4QIuptG82cWABnQvnxrvlmB1Givpmc5p44nH59m9DPQ498d3xSorK9kZzBAVmaIoRVkYU5gb5qLWMicpa5VT1QnRqSojSZxxZ0oplGaC_Q_XS1Ow:1sve9Y:t_le1iF-rgvKs6G4zsMMBbwtVwqkAKT8YceIIMi6dq0	2024-10-15 10:47:04.687-04
hsmt7xu15zglflo0ryumzakw2yi9hipx	.eJxVzDEOgzAMBdC7eEaIQBqgW7tzBuTEpoRC0gYYKsTdSyQWJkvvf_8N1pkD3LfzAtJkHSQwcMDwXS0e9jjN-UkHnqO4pffudxh-eBwt-aiNDwh7Ai2uS9_GwdbS4QIuptG82cWABnQvnxrvlmB1Givpmc5p44nH59m9DPQ498d3xSorK9kZzBAVmaIoRVkYU5gb5qLWMicpa5VT1QnRqSojSZxxZ0oplGaC_Q_XS1Ow:1sqCeM:s3HzqZ_8lhNqtILGFrG0Vxh7HSR8MX5pCtfyld5fOwQ	2024-09-30 10:24:22.412-04
jgs7qm91eenib62mrns6mq94azg3j827	.eJyrViotTi1SsqqG0kqJKbmZeUo6SlmpRYlFhaWZiUAxR6hYXn5uUlFqMUgkryQjP68SKJZYkJqTk5mSDxL1zS9KVKqtBQCs3BxS:1sxfqi:HIYneNRCCmnbeRfhl7l1g3wfwMd6_zgdVx4MMRJNa-4	2024-10-21 01:00:00.641-04
kada9ggeqtv9n07wdobkcy9qy8ubg82w	.eJyrViotTi1SsqqG0kqJKbmZeUo6SlmpRYlFhaWZiUAxR6hYXn5uUlFqMUgkryQjP68SKJZYkJqTk5mSDxL1zS9KVKqtBQCs3BxS:1sytif:YIOuIKx5qY77Ilk9VCSR-bX58XGmM1-CviBGjo672yY	2024-10-24 10:00:45.124-04
plnepsmhwd68aszdz0hs2nzkmg7gb5xa	.eJxVzDEOgzAMBdC7eEaIQBqgW7tzBuTEpoRC0gYYKsTdSyQWJkvvf_8N1pkD3LfzAtJkHSQwcMDwXS0e9jjN-UkHnqO4pffudxh-eBwt-aiNDwh7Ai2uS9_GwdbS4QIuptG82cWABnQvnxrvlmB1Givpmc5p44nH59m9DPQ498d3xSorK9kZzBAVmaIoRVkYU5gb5qLWMicpa5VT1QnRqSojSZxxZ0oplGaC_Q_XS1Ow:1sqaf1:1lBaL1iaNR3ye4mjidEAYMCIwyVUpbHjW9zgweJrezE	2024-10-01 12:02:39.322-04
pqgbwpnfaa95b3b5scb3rhk5l6ortujt	.eJxVjUFqwzAQRa8StA7GslXZ6a6F0lWhtAcw45lxrdSR3JFcKCF3rwTeZDXw3_t_rmqLLOrxul_1yR-_L6KO6swC8rM5yOErxxTkQHxYJfwxppAFHy6jcMz4iS7Ou5gEKJQqrLwsjkJh7-I8uhUWdTuqAbY0D-XT4ChDre6yEfCbfQF0Bv8VKgw-iRurolQ7jdVbIF6ed_duYIY453bPtu56MyHUAJawbTvdtYgtPkCjT6NpyJiTbaiftJ5sX5MhrnnCzmg7MqnbP6W4XWo:1t7zL2:L-_Ki7gXcHc13Uzeh_ZdKgtPOx8p3FqGmAHQTt6uLXE	2024-11-04 16:49:56.594-04
uligv00luima878yryibt68ymima9rk1	.eJxVjEEOgjAQRa9iujaEQi3oTveuPACZzgxSLa0WWBjj3W0TFrqa5P037y06WOahWyaOnSVxEFJsf5kBvLPPA93AX0OBwc_RmiIrxbpOxTkQu9Pq_gUGmIb03bIum1b1CCWAJqzrRjY1Yo07qOTeqIqU2uuK2l7KXrclKeKSe2yU1IZzNOfE4b1ecQEHm4udF0AbPLhk3DhCfC4W0nyk0frEfBhN5CkTPw_BvxKDBztnKWR6DhHE5_MFS7tXxA:1snfu3:bsF09WtzxBBBHw_MmTKVaJnfSE0ZHgKrEGaKvpHVeec	2024-09-23 11:02:07.517-04
wgekv2tmlx62ujjpf7o7ldjx3wgwlc1q	.eJyrViotTi1SsqqG0kqJKbmZeUo6SlmpRYlFhaWZiUAxR6hYXn5uUlFqMUgkryQjP68SKJZYkJqTk5mSDxL1zS9KVKqtBQCs3BxS:1suDUw:5O1Zf8rL7FWEhP9X0hFw8j4YTibL0VRTg8av3HaPSCs	2024-10-11 12:07:14.441-04
x60xyxaqpcnse85e8th28p1igtbe758s	.eJyrViotTi1SsqqG0kqJKbmZeUo6SlmpRYlFhaWZiUAxR6hYXn5uUlFqMUgkryQjP68SKJZYkJqTk5mSDxL1zS9KVKqtBQCs3BxS:1svMRJ:zo5QijRlEAoTjN7FdCjN03keJJXCdWi24XOv0Q4vkIA	2024-10-14 15:52:13.73-04
xa90phx63h76fvng0irfr8jwh7l0iajb	.eJyrViotTi1SsqqG0kqJKbmZeUo6SlmpRYlFhaWZiUAxR6hYXn5uUlFqMUgkryQjP68SKJZYkJqTk5mSDxL1zS9KVKqtBQCs3BxS:1snhq9:yNiLFz2XRFfwKZ3raeRVN5LfAcK3rYmXy4y6FbN-rqY	2024-09-23 13:06:13.752-04
yyjwf1wwyg3pj62md38s923sb163ts4w	.eJyrViotTi1SsqqG0kqJKbmZeUo6SlmpRYlFhaWZiUAxR6hYXn5uUlFqMUgkryQjP68SKJZYkJqTk5mSDxL1zS9KVKqtBQCs3BxS:1sxrzm:35uzdc09M8o5BwQkoPgqmW8Yo8QQe6kDNFqZcCbtnt8	2024-10-21 13:58:10.678-04
zad9lwwzpgpx6goz8fpeab4siu63xpgk	.eJyrViotTi1SsqqG0kqJKbmZeUo6SlmpRYlFhaWZiUAxR6hYXn5uUlFqMUgkryQjP68SKJZYkJqTk5mSDxL1zS9KVKqtBQCs3BxS:1svLUY:yQdo1cfZKaCOmL8rMXqsaTRjBTpwpM2D6z0h_85j2fg	2024-10-14 14:51:30.823-04
tzpnz5qnup4kztwe6ve8rrlp23k6jnym	.eJxVjUFqwzAQRa8StA7GslXZ6a6F0lWhtAcw45lxrdSR3JFcKCF3rwTeZDXw3_t_rmqLLOrxul_1yR-_L6KO6swC8rM5yOErxxTkQHxYJfwxppAFHy6jcMz4iS7Ou5gEKJQqrLwsjkJh7-I8uhUWdTuqAbY0D-XT4ChDre6yEfCbfQF0Bv8VKgw-iRurolQ7jdVbIF6ed_duYIY453bPtu56MyHUAJawbTvdtYgtPkCjT6NpyJiTbaiftJ5sX5MhrnnCzmg7MqnbP6W4XWo:1t8NX8:2orx5axV4GEyw9JQoyQgu5zzyGKtZPLx8Zdlg7LQRlc	2024-11-05 18:40:02.445629-04
\.


--
-- Data for Name: web_abastecimiento_agua; Type: TABLE DATA; Schema: public; Owner: postgres
--

COPY public.web_abastecimiento_agua (id, nombres, apellidos, cedula, ltrs_agua, personas_atendidas, descripcion, material_utilizado, status, id_procedimiento_id, id_tipo_servicio_id) FROM stdin;
\.


--
-- Data for Name: web_accidentes_transito; Type: TABLE DATA; Schema: public; Owner: postgres
--

COPY public.web_accidentes_transito (id, cantidad_lesionados, material_utilizado, status, id_atencion_id, tipo_de_accidente_id) FROM stdin;
\.


--
-- Data for Name: web_apoyo_unidades; Type: TABLE DATA; Schema: public; Owner: postgres
--

COPY public.web_apoyo_unidades (id, unidad_apoyada, descripcion, material_utilizado, status, id_procedimiento_id, id_tipo_apoyo_id) FROM stdin;
13	Alpha 04	dddddddddddddddd	-----------------	En Proceso	51	1
14	Alpha 04	dddddddddddddddddddddd	-------------	En Proceso	55	1
\.


--
-- Data for Name: web_artificios_pirotecnicos; Type: TABLE DATA; Schema: public; Owner: postgres
--

COPY public.web_artificios_pirotecnicos (id, nombre_comercio, rif_comerciante, id_procedimiento_id, tipo_procedimiento_id) FROM stdin;
\.


--
-- Data for Name: web_asesoramiento; Type: TABLE DATA; Schema: public; Owner: postgres
--

COPY public.web_asesoramiento (id, nombres, apellidos, cedula, telefono, descripcion, material_utilizado, status, id_procedimiento_id, nombre_comercio, rif_comercio, sexo) FROM stdin;
\.


--
-- Data for Name: web_atenciones_paramedicas; Type: TABLE DATA; Schema: public; Owner: postgres
--

COPY public.web_atenciones_paramedicas (id, tipo_atencion, id_procedimientos_id) FROM stdin;
\.


--
-- Data for Name: web_atendido_no_efectuado; Type: TABLE DATA; Schema: public; Owner: postgres
--

COPY public.web_atendido_no_efectuado (id, descripcion, material_utilizado, status, id_procedimiento_id) FROM stdin;
\.


--
-- Data for Name: web_despliegue_seguridad; Type: TABLE DATA; Schema: public; Owner: postgres
--

COPY public.web_despliegue_seguridad (id, descripcion, material_utilizado, status, motivo_despliegue_id, id_procedimiento_id) FROM stdin;
4	ddddddddddddddddddddd	-------------------	Culminado	2	49
\.


--
-- Data for Name: web_detalles_enfermeria; Type: TABLE DATA; Schema: public; Owner: postgres
--

COPY public.web_detalles_enfermeria (id, nombre, apellido, cedula, edad, sexo, telefono, descripcion, material_utilizado, status, id_procedimientos_id) FROM stdin;
\.


--
-- Data for Name: web_detalles_vehiculos; Type: TABLE DATA; Schema: public; Owner: postgres
--

COPY public.web_detalles_vehiculos (id, modelo, marca, color, "a単o", placas, id_vehiculo_id) FROM stdin;
\.


--
-- Data for Name: web_detalles_vehiculos_accidente; Type: TABLE DATA; Schema: public; Owner: postgres
--

COPY public.web_detalles_vehiculos_accidente (id, modelo, marca, color, "a単o", placas, id_vehiculo_id) FROM stdin;
\.


--
-- Data for Name: web_detalles_vehiculos_art; Type: TABLE DATA; Schema: public; Owner: postgres
--

COPY public.web_detalles_vehiculos_art (id, modelo, marca, color, "a単o", placas, id_vehiculo_id) FROM stdin;
\.


--
-- Data for Name: web_divisiones; Type: TABLE DATA; Schema: public; Owner: postgres
--

COPY public.web_divisiones (id, division) FROM stdin;
1	Rescate
2	Operaciones
3	Prevencion
4	GRUMAE
5	PreHospitalaria
6	Enfermeria
7	Servicios Medicos
8	Psicologia
9	Capacitacion
\.


--
-- Data for Name: web_doctores; Type: TABLE DATA; Schema: public; Owner: postgres
--

COPY public.web_doctores (id, doctor) FROM stdin;
1	Dr. Julio Campos (MPPS 46017)
2	Dr. Jesus Casanova (MPPS 151642)
3	Dr. Juan Morera (MPPS 116969)
4	Dr. Gerardo S叩nchez (MPPS 145718)
5	Dr. Jonathan Mart鱈nez (MPPS 151554)
6	Dr. Julio Rodr鱈guez (MPPS 151696)
\.


--
-- Data for Name: web_emergencias_medicas; Type: TABLE DATA; Schema: public; Owner: postgres
--

COPY public.web_emergencias_medicas (id, nombres, apellidos, cedula, edad, sexo, idx, descripcion, material_utilizado, status, id_atencion_id) FROM stdin;
\.


--
-- Data for Name: web_enfermeros; Type: TABLE DATA; Schema: public; Owner: postgres
--

COPY public.web_enfermeros (id, enfermeros) FROM stdin;
1	Lcda Evanny Contreras
2	Lcdo Manuel Carrero
3	Lcdo Alejandro Andrade
4	Lcdo Jower Torres
5	Lcdo Roger Rodriguez
\.


--
-- Data for Name: web_evaluacion_riesgo; Type: TABLE DATA; Schema: public; Owner: postgres
--

COPY public.web_evaluacion_riesgo (id, descripcion, material_utilizado, status, id_tipo_riesgo_id, id_procedimientos_id, tipo_estructura) FROM stdin;
\.


--
-- Data for Name: web_fallecidos; Type: TABLE DATA; Schema: public; Owner: postgres
--

COPY public.web_fallecidos (id, motivo_fallecimiento, nombres, apellidos, cedula, edad, sexo, descripcion, material_utilizado, status, id_procedimiento_id) FROM stdin;
\.


--
-- Data for Name: web_fallecidos_art; Type: TABLE DATA; Schema: public; Owner: postgres
--

COPY public.web_fallecidos_art (id, motivo_fallecimiento, nombres, apellidos, cedula, edad, sexo, descripcion, material_utilizado, status, id_procedimiento_id) FROM stdin;
\.


--
-- Data for Name: web_falsa_alarma; Type: TABLE DATA; Schema: public; Owner: postgres
--

COPY public.web_falsa_alarma (id, descripcion, material_utilizado, status, motivo_alarma_id, id_procedimiento_id) FROM stdin;
\.


--
-- Data for Name: web_guardia_prevencion; Type: TABLE DATA; Schema: public; Owner: postgres
--

COPY public.web_guardia_prevencion (id, descripcion, material_utilizado, status, id_motivo_prevencion_id, id_procedimiento_id) FROM stdin;
4	dddddddddddddddd	--------------------	Culminado	2	50
\.


--
-- Data for Name: web_incendios; Type: TABLE DATA; Schema: public; Owner: postgres
--

COPY public.web_incendios (id, descripcion, material_utilizado, status, id_procedimientos_id, id_tipo_incendio_id) FROM stdin;
\.


--
-- Data for Name: web_incendios_art; Type: TABLE DATA; Schema: public; Owner: postgres
--

COPY public.web_incendios_art (id, descripcion, material_utilizado, status, id_procedimientos_id, id_tipo_incendio_id) FROM stdin;
\.


--
-- Data for Name: web_inspeccion_arbol; Type: TABLE DATA; Schema: public; Owner: postgres
--

COPY public.web_inspeccion_arbol (id, especie, altura_aprox, ubicacion_arbol, persona_sitio_nombre, persona_sitio_apellido, persona_sitio_cedula, persona_sitio_telefono, descripcion, material_utilizado, status, id_procedimientos_id, tipo_inspeccion) FROM stdin;
\.


--
-- Data for Name: web_inspeccion_establecimiento_art; Type: TABLE DATA; Schema: public; Owner: postgres
--

COPY public.web_inspeccion_establecimiento_art (id, nombre_comercio, rif_comercio, encargado_nombre, encargado_apellidos, encargado_cedula, encargado_sexo, descripcion, material_utilizado, status, id_proc_artificio_id) FROM stdin;
\.


--
-- Data for Name: web_inspeccion_habitabilidad; Type: TABLE DATA; Schema: public; Owner: postgres
--

COPY public.web_inspeccion_habitabilidad (id, descripcion, persona_sitio_nombre, persona_sitio_apellido, persona_sitio_cedula, persona_sitio_telefono, material_utilizado, status, id_procedimientos_id, tipo_inspeccion) FROM stdin;
\.


--
-- Data for Name: web_inspeccion_otros; Type: TABLE DATA; Schema: public; Owner: postgres
--

COPY public.web_inspeccion_otros (id, especifique, descripcion, persona_sitio_nombre, persona_sitio_apellido, persona_sitio_cedula, persona_sitio_telefono, material_utilizado, status, id_procedimientos_id, tipo_inspeccion) FROM stdin;
\.


--
-- Data for Name: web_inspeccion_prevencion_asesorias_tecnicas; Type: TABLE DATA; Schema: public; Owner: postgres
--

COPY public.web_inspeccion_prevencion_asesorias_tecnicas (id, nombre_comercio, propietario, cedula_propietario, descripcion, persona_sitio_nombre, persona_sitio_apellido, persona_sitio_cedula, persona_sitio_telefono, material_utilizado, status, id_procedimientos_id, tipo_inspeccion) FROM stdin;
\.


--
-- Data for Name: web_investigacion; Type: TABLE DATA; Schema: public; Owner: postgres
--

COPY public.web_investigacion (id, id_procedimientos_id, id_tipo_investigacion_id, tipo_siniestro) FROM stdin;
\.


--
-- Data for Name: web_investigacion_comercio; Type: TABLE DATA; Schema: public; Owner: postgres
--

COPY public.web_investigacion_comercio (id, nombre_comercio, rif_comercio, nombre_propietario, apellido_propietario, cedula_propietario, descripcion, material_utilizado, status, id_investigacion_id) FROM stdin;
\.


--
-- Data for Name: web_investigacion_estructura_vivienda; Type: TABLE DATA; Schema: public; Owner: postgres
--

COPY public.web_investigacion_estructura_vivienda (id, tipo_estructura, nombre, apellido, cedula, descripcion, material_utilizado, status, id_investigacion_id) FROM stdin;
\.


--
-- Data for Name: web_investigacion_vehiculo; Type: TABLE DATA; Schema: public; Owner: postgres
--

COPY public.web_investigacion_vehiculo (id, marca, modelo, color, placas, "a単o", nombre_propietario, apellido_propietario, cedula_propietario, descripcion, material_utilizado, status, id_investigacion_id) FROM stdin;
\.


--
-- Data for Name: web_jornada_medica; Type: TABLE DATA; Schema: public; Owner: postgres
--

COPY public.web_jornada_medica (id, nombre_jornada, cant_personas_aten, descripcion, material_utilizado, status, id_procedimientos_id) FROM stdin;
\.


--
-- Data for Name: web_lesionados; Type: TABLE DATA; Schema: public; Owner: postgres
--

COPY public.web_lesionados (id, nombres, apellidos, cedula, edad, sexo, idx, descripcion, id_accidente_id) FROM stdin;
\.


--
-- Data for Name: web_lesionados_art; Type: TABLE DATA; Schema: public; Owner: postgres
--

COPY public.web_lesionados_art (id, nombres, apellidos, cedula, edad, sexo, idx, descripcion, id_accidente_id, status) FROM stdin;
\.


--
-- Data for Name: web_mitigacion_riesgo; Type: TABLE DATA; Schema: public; Owner: postgres
--

COPY public.web_mitigacion_riesgo (id, tipo_servicio) FROM stdin;
1	Derrame de Combustible
2	Pode de rbol
3	Procedimiento por Himenopteros
4	Roleada de rbol
5	Tala de rbol
\.


--
-- Data for Name: web_mitigacion_riesgos; Type: TABLE DATA; Schema: public; Owner: postgres
--

COPY public.web_mitigacion_riesgos (id, descripcion, material_utilizado, status, id_tipo_servicio_id, id_procedimientos_id) FROM stdin;
\.


--
-- Data for Name: web_motivo_alarma; Type: TABLE DATA; Schema: public; Owner: postgres
--

COPY public.web_motivo_alarma (id, motivo) FROM stdin;
1	Incendio
2	Hecho vial
3	Rescate
\.


--
-- Data for Name: web_motivo_avanzada; Type: TABLE DATA; Schema: public; Owner: postgres
--

COPY public.web_motivo_avanzada (id, tipo_servicio) FROM stdin;
1	Fortalecimiento de los Cuadrantes de Paz
2	Patrullaje Mixto
\.


--
-- Data for Name: web_motivo_despliegue; Type: TABLE DATA; Schema: public; Owner: postgres
--

COPY public.web_motivo_despliegue (id, motivo) FROM stdin;
1	Evento deportivo
2	Seguridad Ciudadana
\.


--
-- Data for Name: web_motivo_prevencion; Type: TABLE DATA; Schema: public; Owner: postgres
--

COPY public.web_motivo_prevencion (id, motivo) FROM stdin;
1	Evento deportivo
2	Evento Musical
3	Evento Religioso
4	Evento Politico
5	Evento Cultural
6	Actividades Recreativas
7	Acto Funebre
\.


--
-- Data for Name: web_motivo_riesgo; Type: TABLE DATA; Schema: public; Owner: postgres
--

COPY public.web_motivo_riesgo (id, tipo_riesgo) FROM stdin;
1	Colapso de Estructura
2	Inundacion
3	Desbordamiento de Afluentes Hidricos
4	Deslizamiento
5	Censo
\.


--
-- Data for Name: web_municipios; Type: TABLE DATA; Schema: public; Owner: postgres
--

COPY public.web_municipios (id, municipio) FROM stdin;
1	San Cristobal
2	C叩rdenas
3	Lobatera
4	Independencia
5	Libertador
6	Andr辿s Bello
7	Antonio R坦mulo Costa
8	Ayacucho
9	Bol鱈var
10	C坦rdoba
11	Fern叩ndez Feo
12	Francisco de Miranda
13	Garc鱈a de Hevia
14	Guasimos
15	J叩uregui
16	Jose Maria Vargas
17	Jun鱈n
18	Libertad
19	Michelena
20	Panamericano
21	Pedro Mar鱈a Ure単a
22	Rafael Urdaneta
23	Samuel Dar鱈o Maldonado
24	San Judas Tadeo
25	Seboruco
26	Sim坦n Rodr鱈guez
27	Sucre
28	Torbes
29	Uribante
\.


--
-- Data for Name: web_parroquias; Type: TABLE DATA; Schema: public; Owner: postgres
--

COPY public.web_parroquias (id, parroquia) FROM stdin;
0	Otros Municipios
1	La Concordia
2	Pedro Maria Morantes
3	San Juan Bautista
4	San Sebastian
6	Francisco Romero Lobo
\.


--
-- Data for Name: web_persona_presente; Type: TABLE DATA; Schema: public; Owner: postgres
--

COPY public.web_persona_presente (id, nombre, apellidos, cedula, edad, id_incendio_id) FROM stdin;
\.


--
-- Data for Name: web_persona_presente_art; Type: TABLE DATA; Schema: public; Owner: postgres
--

COPY public.web_persona_presente_art (id, nombre, apellidos, cedula, edad, id_incendio_id) FROM stdin;
\.


--
-- Data for Name: web_persona_presente_eval; Type: TABLE DATA; Schema: public; Owner: postgres
--

COPY public.web_persona_presente_eval (id, nombre, apellidos, cedula, telefono, id_persona_id) FROM stdin;
\.


--
-- Data for Name: web_personal; Type: TABLE DATA; Schema: public; Owner: postgres
--

COPY public.web_personal (id, nombres, apellidos, jerarquia, cargo, cedula, sexo, rol, status) FROM stdin;
0		Externo			1	1	1	1
1	Antonio Jos辿	Brice単o Angulo	General	Primer Comandante	V- 12235511	Masculino	Bombero	Activo
2	Eduard Yulian	Casas	Coronel	Segundo Comandante	V- 15857039	Masculino	Bombero	Activo
3	Jos辿 El鱈as	Hern叩ndez	Coronel	Inspector General	V- 13365533	Masculino	Bombero	Activo
4	Administrador	Principal	Gestor de proyecto	Sala Situacional	1	Masculino	Administrativo	Activo
5	Daniel Antonio	Alarc坦n Fuentes	Teniente	Sala Situacional	V- 16122482	Masculino	Bombero	Activo
7	Anderson Teodoro	Vivas Rico	Teniente Coronel	Jefe del rea Seguridad Y Prevenci坦n	V- 11502310	Masculino	Bombero	Activo
12	Jhoan Enrique	Adrianza Ibarra	Teniente Coronel	Jefe de Operaciones	V- 12235673	Masculino	Bombero	Activo
15	Javier No辿	Daza Murillo	Teniente Coronel	Jefe de Bienes Muebles e Inmuebles	V- 10157868	Masculino	Bombero	Activo
16	Edisson Enrique	Colmenares	Teniente Coronel	Jefe rea de Incendios	V- 10174691	Masculino	Bombero	Activo
17	ngel Edecio	Escalante Angulo	Teniente Coronel	Jefe rea Rescate y Operaciones Especiales	V- 15233210	Masculino	Bombero	Activo
18	Jaime Antonio	Contreras	Teniente Coronel	Capacitaci坦n Comunal y Escolar	V- 7661555	Masculino	Bombero	Activo
19	Jes炭s Esteves	Casanova Montoya	Teniente Coronel	Servicios M辿dicos	V- 13688837	Masculino	Bombero	Activo
20	Ernesto Jos辿	Ramones Ascanio	Teniente Coronel	Capacitaci坦n en Seguridad Industrial	V- 11043819	Masculino	Bombero	Activo
21	Julio Arnulfo	Campos Melgarejo	Teniente Coronel	Jefe Servicios M辿dicos	V- 8096405	Masculino	Bombero	Activo
22	Jorban Alexander	Contreras Urbina	Mayor	Condicion Retiro	V- 13973978	Masculino	Bombero	Jubilado
23	Miguel Andr辿s	Corredor Carrero	Mayor	rea Especializada en la Extinci坦n de Incendios	V- 10165993	Masculino	Bombero	Activo
24	Gerson Alirio	Rosales Ram鱈rez	Mayor	rea Especializada en la Extinci坦n de Incendios	V- 9345750	Masculino	Bombero	Activo
25	Victor	Bastos Fuentes	Mayor	Condicion Retiro	V- 12634639	Masculino	Bombero	Activo
26	Jos辿 Guillermo	Alarc坦n Pacheco	Mayor	rea Rescate y Operaciones Especiales	V- 13506844	Masculino	Bombero	Activo
27	Reyes Ali	Pacheco Berbesi	Mayor	rea Especializada en la Extinci坦n de Incendios	V- 9228866	Masculino	Bombero	Activo
28	Leopoldo	Hern叩ndez Hern叩ndez	Mayor	rea Especializada en la Extinci坦n de Incendios	V- 14504426	Masculino	Bombero	Activo
29	Ra炭l Antonio	Zambrano Jaimes	Mayor	Condicion Retiro	V- 14503372	Masculino	Bombero	Activo
30	Bladimir Alexis	P辿rez M辿ndez	Mayor	Jefe Despacho VEN-911	V- 10161275	Masculino	Bombero	Activo
31	ngel Augusto	Herdenez Zambrano	Mayor	rea Rescate y Operaciones Especiales	V- 12814041	Masculino	Bombero	Activo
32	Marcos	Morales Rosales	Mayor	rea Especializada en la Extinci坦n de Incendios	V- 14100087	Masculino	Bombero	Activo
33	Jackson Jair	Ram鱈rez Moreno	Capit叩n	rea Especializada en la Extinci坦n de Incendios	V- 13973825	Masculino	Bombero	Activo
34	Johan Gregory	Duran Daza	Capit叩n	Jefe de la Unidad de Talento Humano	V- 17108237	Masculino	Bombero	Activo
35	Wilmer David	Osorio Escalante	Capit叩n	Jefe Del rea de Emergencias Prehospitalarias	V- 15231465	Masculino	Bombero	Activo
36	Douglas Iv叩n	Jaimes Ram鱈rez	Capit叩n	Administrador	V- 14502258	Masculino	Bombero	Activo
37	Jhonny Hernando	Fajardo Elles	Capit叩n	rea Especializada en la Extinci坦n de Incendios	V- 15503008	Masculino	Bombero	Activo
38	Hender Joseph	Alarc坦n Pacheco	Capit叩n	rea Especializada en la Extinci坦n de Incendios	V- 13506783	Masculino	Bombero	Activo
39	Jose Eliceo	Arellano	Capit叩n	Condicion de retiro	V- 9331004	Masculino	Bombero	Jubilado
\.


--
-- Data for Name: web_procedimientos; Type: TABLE DATA; Schema: public; Owner: postgres
--

COPY public.web_procedimientos (id, solicitante_externo, efectivos_enviados, fecha, hora, direccion, id_division_id, id_jefe_comision_id, id_municipio_id, id_parroquia_id, id_solicitante_id, id_tipo_procedimiento_id, unidad_id, dependencia, tipo_servicio) FROM stdin;
48		5	2024-11-05	08:25:00	ddddddddddddddddddd	4	1	3	0	3	9	20		
49		3	2024-11-05	08:26:00	ddddddddddddddddd	2	1	1	3	2	5	9		
50		4	2024-11-05	08:27:00	ddddddddddddddd	5	1	1	2	2	3	3		
51		5	2024-11-05	08:28:00	dddddddddddddddd	1	1	1	1	2	2	16		
52		4	2024-11-05	08:29:00	ddddddddddddd	1	2	2	0	3	10	16		
53		3	2024-11-05	09:08:00	ddddddddddddddd	2	3	2	0	1	10	7		
54		12	2024-11-05	09:46:00	dddddddddddd	2	3	2	0	2	10	8		
55		2	2024-11-05	13:37:00	ddddddddddddddd	4	2	3	0	3	2	19		
\.


--
-- Data for Name: web_procedimientos_capacitacion; Type: TABLE DATA; Schema: public; Owner: postgres
--

COPY public.web_procedimientos_capacitacion (id, tipo_capacitacion, tipo_clasificacion, personas_beneficiadas, descripcion, material_utilizado, status, id_procedimientos_id) FROM stdin;
\.


--
-- Data for Name: web_procedimientos_frente_preventivo; Type: TABLE DATA; Schema: public; Owner: postgres
--

COPY public.web_procedimientos_frente_preventivo (id, nombre_actividad, estrategia, personas_beneficiadas, descripcion, material_utilizado, status, id_procedimientos_id) FROM stdin;
\.


--
-- Data for Name: web_procedimientos_psicologia; Type: TABLE DATA; Schema: public; Owner: postgres
--

COPY public.web_procedimientos_psicologia (id, nombre, apellido, cedula, edad, sexo, descripcion, material_utilizado, status, id_procedimientos_id) FROM stdin;
\.


--
-- Data for Name: web_psicologa; Type: TABLE DATA; Schema: public; Owner: postgres
--

COPY public.web_psicologa (id, psicologa) FROM stdin;
1	Lcda. Jhonnyrai Pe単uela (FVP 15.697)
\.


--
-- Data for Name: web_puesto_avanzada; Type: TABLE DATA; Schema: public; Owner: postgres
--

COPY public.web_puesto_avanzada (id, descripcion, material_utilizado, status, id_procedimientos_id, id_tipo_servicio_id) FROM stdin;
\.


--
-- Data for Name: web_reinspeccion_prevencion; Type: TABLE DATA; Schema: public; Owner: postgres
--

COPY public.web_reinspeccion_prevencion (id, nombre, apellidos, cedula, telefono, descripcion, material_utilizado, status, id_procedimiento_id, rif_comercio, nombre_comercio, sexo) FROM stdin;
\.


--
-- Data for Name: web_rescate; Type: TABLE DATA; Schema: public; Owner: postgres
--

COPY public.web_rescate (id, material_utilizado, status, id_procedimientos_id, tipo_rescate_id) FROM stdin;
21	-------------	Culminado	52	1
22	mmmmmmmmmmmmmmmmm	En Proceso	53	1
23	---------------------	Culminado	54	1
\.


--
-- Data for Name: web_rescate_animal; Type: TABLE DATA; Schema: public; Owner: postgres
--

COPY public.web_rescate_animal (id, especie, descripcion, id_rescate_id) FROM stdin;
12	Zorro	ddddddddddddddd	21
13	Cordero	Le iban a dar matarile	22
14	Zorro de las nieves	ddddddddddddd	23
\.


--
-- Data for Name: web_rescate_persona; Type: TABLE DATA; Schema: public; Owner: postgres
--

COPY public.web_rescate_persona (id, nombre, apellidos, cedula, edad, sexo, descripcion, id_rescate_id) FROM stdin;
\.


--
-- Data for Name: web_retencion_preventiva; Type: TABLE DATA; Schema: public; Owner: postgres
--

COPY public.web_retencion_preventiva (id, tipo_cilindro, capacidad, serial, nro_constancia_retencion, descripcion, material_utilizado, status, id_procedimiento_id) FROM stdin;
\.


--
-- Data for Name: web_servicios_especiales; Type: TABLE DATA; Schema: public; Owner: postgres
--

COPY public.web_servicios_especiales (id, descripcion, material_utilizado, status, id_procedimientos_id, tipo_servicio_id) FROM stdin;
12	dddddddddddddddddd	------------------	En Proceso	48	1
\.


--
-- Data for Name: web_tipo_accidente; Type: TABLE DATA; Schema: public; Owner: postgres
--

COPY public.web_tipo_accidente (id, tipo_accidente) FROM stdin;
1	Colision Vehiculo-Moto
2	Colision Vehiculo-Vehiculo
3	Colision Vehiculo-Moto-Objeto Fijo
4	Volcamiento
5	Colisi坦n Moto-Moto
6	Derrape
7	Veh鱈culo que cae al vac鱈o
8	Veh鱈culo que cae al cause del rio
\.


--
-- Data for Name: web_tipo_apoyo; Type: TABLE DATA; Schema: public; Owner: postgres
--

COPY public.web_tipo_apoyo (id, tipo_apoyo) FROM stdin;
1	Por Rescate
2	Por Incendio
3	Por Traslado de Paciente
4	Por Accidente de Transito
5	Por Tala de Arbol
\.


--
-- Data for Name: web_tipo_cilindro; Type: TABLE DATA; Schema: public; Owner: postgres
--

COPY public.web_tipo_cilindro (id, nombre_cilindro) FROM stdin;
1	GLP
2	Oxigeno
3	Helio
\.


--
-- Data for Name: web_tipo_incendio; Type: TABLE DATA; Schema: public; Owner: postgres
--

COPY public.web_tipo_incendio (id, tipo_incendio) FROM stdin;
1	Incendio de Estructura
2	Incendio de Vehiculo
3	Incendio de Vegetacion
\.


--
-- Data for Name: web_tipo_institucion; Type: TABLE DATA; Schema: public; Owner: postgres
--

COPY public.web_tipo_institucion (id, nombre_institucion) FROM stdin;
1	Comunidades
2	Instituciones Educativas (Publicas)
3	Instituciones Educativas (Privadas)
4	Instituciones Hospitalarias
5	Instituciones Privadas (Comercios, Empresas)
6	Instituciones P炭blicas (Militares, Policiales)
7	Especificar Direccion
\.


--
-- Data for Name: web_tipo_rescate; Type: TABLE DATA; Schema: public; Owner: postgres
--

COPY public.web_tipo_rescate (id, tipo_rescate) FROM stdin;
1	Rescate de Animal
2	Rescate de Persona
3	Recuperaci坦n de cad叩ver
4	Rescate Paciente psiqui叩trico
5	Rescate en Monta単a
6	Rescate en Ascensores
7	Rescate en Estructuras
\.


--
-- Data for Name: web_tipo_servicios; Type: TABLE DATA; Schema: public; Owner: postgres
--

COPY public.web_tipo_servicios (id, serv_especiales) FROM stdin;
1	Lavado
3	Regado
4	Dispersion De Particulas
5	Destape de Alcantarilla
6	Colocacion de Drisa
7	Desinfeccion Covid-19
\.


--
-- Data for Name: web_tipos_artificios; Type: TABLE DATA; Schema: public; Owner: postgres
--

COPY public.web_tipos_artificios (id, tipo) FROM stdin;
1	Incendio por Artificio Pirotecnico
2	Lesionado por Artificio Pirotecnico
3	Fallecido por Artificio Pirotecnico
\.


--
-- Data for Name: web_tipos_investigacion; Type: TABLE DATA; Schema: public; Owner: postgres
--

COPY public.web_tipos_investigacion (id, tipo_investigacion) FROM stdin;
1	Incendio
2	Corto Circuito
\.


--
-- Data for Name: web_tipos_procedimientos; Type: TABLE DATA; Schema: public; Owner: postgres
--

COPY public.web_tipos_procedimientos (id, tipo_procedimiento) FROM stdin;
1	Abastecimiento de agua
2	Apoyo a Otras Unidades
3	Guardia de Prevencion
4	Atendido No Efectuado
5	Despliegue de Seguridad
6	Falsa Alarma
7	Atenciones Paramedicas
9	Servicios Especiales
10	Rescate
11	Incendios
12	Fallecidos
13	Mitigaci坦n de Riesgos
14	Evaluaci坦n de Riesgos
15	Puesto de Avanzada
16	Traslados
17	Asesoramiento
18	Inspeccion
19	Investigacion
20	Reinspeccion de Prevenci坦n
21	Retenci坦n Preventiva
22	Artificios Pirot辿cnicos
23	Inspeccion Establecimiento por Artificios Pirotecnicos
24	Valoraci坦n Medica
25	Jornada Medica
26	Administraci坦n de Medicamentos
27	Administraci坦n de Tratamiento
28	Aerosolterapia
29	Atenci坦n Local
30	Atenci坦n Prehospitalaria
31	Cuantificaci坦n de Presi坦n Arterial
32	Cuantificaci坦n de Signos Vitales
33	Cura
34	Otro
35	Certificado de Salud Mental
36	Consulta Bombero Activo
37	Consulta Integrante Brigada Juvenil
38	Consulta Paciente Externo
39	Evaluaci坦n Psicol坦gica Postvacacional
40	Evaluaci坦n Psicol坦gica Prevacacional
41	Evaluaci坦n Personal Nuevo Ingreso
45	Capacitaci坦n
\.


--
-- Data for Name: web_tipos_traslado; Type: TABLE DATA; Schema: public; Owner: postgres
--

COPY public.web_tipos_traslado (id, tipo_traslado) FROM stdin;
1	Traslado en Ambulancia
2	Traslado Interhospitalario
3	Traslado Inhospitalario
\.


--
-- Data for Name: web_traslado; Type: TABLE DATA; Schema: public; Owner: postgres
--

COPY public.web_traslado (id, hospital_trasladado, medico_receptor, mpps_cmt, id_lesionado_id) FROM stdin;
\.


--
-- Data for Name: web_traslado_accidente; Type: TABLE DATA; Schema: public; Owner: postgres
--

COPY public.web_traslado_accidente (id, hospital_trasladado, medico_receptor, mpps_cmt, id_lesionado_id) FROM stdin;
\.


--
-- Data for Name: web_traslado_prehospitalaria; Type: TABLE DATA; Schema: public; Owner: postgres
--

COPY public.web_traslado_prehospitalaria (id, nombre, apellido, cedula, edad, sexo, idx, hospital_trasladado, medico_receptor, mpps_cmt, descripcion, material_utilizado, status, id_procedimiento_id, id_tipo_traslado_id) FROM stdin;
\.


--
-- Data for Name: web_unidades; Type: TABLE DATA; Schema: public; Owner: postgres
--

COPY public.web_unidades (id, nombre_unidad) FROM stdin;
1	Alfa 04
2	Alfa 01
3	Alfa 02
4	Alfa 03
5	Supresion 01
6	Supresi坦n 02
7	Supresi坦n 03
8	Supresi坦n 04
9	Cisterna 01
10	Cisterna 02
11	Cisterna 03
12	Moto 45
13	Moto 47
14	Log鱈stica 31
15	Log鱈stica 36
16	R-1 (Elevacion)
17	Lince 01
18	Lince 02
19	Lince 03
20	Lince 04
21	Lince 05
22	Lince 06
23	Lince 07
24	Lince 08
25	Lince 09
\.


--
-- Data for Name: web_usuarios; Type: TABLE DATA; Schema: public; Owner: postgres
--

COPY public.web_usuarios (id, "user", password, encargado_id) FROM stdin;
1	Sala_Situacional	sala_2025	5
2	Comandancia	general_01	1
3	SeRvEr	orion_32	4
5	2dacomandancia	servicios_2da	2
6	Operaciones01	vulcano_2025	5
7	Grumae02	lince_2025	5
8	Rescate03	estacion1	5
9	Prehospitalaria04	alpha_2025	5
10	Prevencion05	inspeccion_04	5
11	Serviciosmedicos06	bronce_01	5
12	Capacitacion07	curso00	5
13	Enfermeria08	yelco_2025	5
14	Psicologia09	psicologia_2025	5
\.


--
-- Data for Name: web_valoracion_medica; Type: TABLE DATA; Schema: public; Owner: postgres
--

COPY public.web_valoracion_medica (id, nombre, apellido, cedula, edad, sexo, telefono, descripcion, material_utilizado, status, id_procedimientos_id) FROM stdin;
\.


--
-- Name: auth_group_id_seq; Type: SEQUENCE SET; Schema: public; Owner: postgres
--

SELECT pg_catalog.setval('public.auth_group_id_seq', 1, false);


--
-- Name: auth_group_permissions_id_seq; Type: SEQUENCE SET; Schema: public; Owner: postgres
--

SELECT pg_catalog.setval('public.auth_group_permissions_id_seq', 1, false);


--
-- Name: auth_permission_id_seq; Type: SEQUENCE SET; Schema: public; Owner: postgres
--

SELECT pg_catalog.setval('public.auth_permission_id_seq', 332, true);


--
-- Name: auth_user_groups_id_seq; Type: SEQUENCE SET; Schema: public; Owner: postgres
--

SELECT pg_catalog.setval('public.auth_user_groups_id_seq', 1, false);


--
-- Name: auth_user_id_seq; Type: SEQUENCE SET; Schema: public; Owner: postgres
--

SELECT pg_catalog.setval('public.auth_user_id_seq', 1, true);


--
-- Name: auth_user_user_permissions_id_seq; Type: SEQUENCE SET; Schema: public; Owner: postgres
--

SELECT pg_catalog.setval('public.auth_user_user_permissions_id_seq', 1, false);


--
-- Name: django_admin_log_id_seq; Type: SEQUENCE SET; Schema: public; Owner: postgres
--

SELECT pg_catalog.setval('public.django_admin_log_id_seq', 1, false);


--
-- Name: django_content_type_id_seq; Type: SEQUENCE SET; Schema: public; Owner: postgres
--

SELECT pg_catalog.setval('public.django_content_type_id_seq', 83, true);


--
-- Name: django_migrations_id_seq; Type: SEQUENCE SET; Schema: public; Owner: postgres
--

SELECT pg_catalog.setval('public.django_migrations_id_seq', 54, true);


--
-- Name: web_abastecimiento_agua_id_seq; Type: SEQUENCE SET; Schema: public; Owner: postgres
--

SELECT pg_catalog.setval('public.web_abastecimiento_agua_id_seq', 1, false);


--
-- Name: web_accidentes_transito_id_seq; Type: SEQUENCE SET; Schema: public; Owner: postgres
--

SELECT pg_catalog.setval('public.web_accidentes_transito_id_seq', 1, false);


--
-- Name: web_apoyo_unidades_id_seq; Type: SEQUENCE SET; Schema: public; Owner: postgres
--

SELECT pg_catalog.setval('public.web_apoyo_unidades_id_seq', 14, true);


--
-- Name: web_artificios_pirotecnicos_id_seq; Type: SEQUENCE SET; Schema: public; Owner: postgres
--

SELECT pg_catalog.setval('public.web_artificios_pirotecnicos_id_seq', 1, false);


--
-- Name: web_asesoramiento_id_seq; Type: SEQUENCE SET; Schema: public; Owner: postgres
--

SELECT pg_catalog.setval('public.web_asesoramiento_id_seq', 1, false);


--
-- Name: web_atenciones_paramedicas_id_seq; Type: SEQUENCE SET; Schema: public; Owner: postgres
--

SELECT pg_catalog.setval('public.web_atenciones_paramedicas_id_seq', 1, false);


--
-- Name: web_atendido_no_efectuado_id_seq; Type: SEQUENCE SET; Schema: public; Owner: postgres
--

SELECT pg_catalog.setval('public.web_atendido_no_efectuado_id_seq', 1, false);


--
-- Name: web_despliegue_seguridad_id_seq; Type: SEQUENCE SET; Schema: public; Owner: postgres
--

SELECT pg_catalog.setval('public.web_despliegue_seguridad_id_seq', 4, true);


--
-- Name: web_detalles_enfermeria_id_seq; Type: SEQUENCE SET; Schema: public; Owner: postgres
--

SELECT pg_catalog.setval('public.web_detalles_enfermeria_id_seq', 1, false);


--
-- Name: web_detalles_vehiculos_accidente_id_seq; Type: SEQUENCE SET; Schema: public; Owner: postgres
--

SELECT pg_catalog.setval('public.web_detalles_vehiculos_accidente_id_seq', 1, false);


--
-- Name: web_detalles_vehiculos_art_id_seq; Type: SEQUENCE SET; Schema: public; Owner: postgres
--

SELECT pg_catalog.setval('public.web_detalles_vehiculos_art_id_seq', 1, false);


--
-- Name: web_detalles_vehiculos_id_seq; Type: SEQUENCE SET; Schema: public; Owner: postgres
--

SELECT pg_catalog.setval('public.web_detalles_vehiculos_id_seq', 1, false);


--
-- Name: web_divisiones_id_seq; Type: SEQUENCE SET; Schema: public; Owner: postgres
--

SELECT pg_catalog.setval('public.web_divisiones_id_seq', 9, true);


--
-- Name: web_doctores_id_seq; Type: SEQUENCE SET; Schema: public; Owner: postgres
--

SELECT pg_catalog.setval('public.web_doctores_id_seq', 6, true);


--
-- Name: web_emergencias_medicas_id_seq; Type: SEQUENCE SET; Schema: public; Owner: postgres
--

SELECT pg_catalog.setval('public.web_emergencias_medicas_id_seq', 1, false);


--
-- Name: web_enfermeros_id_seq; Type: SEQUENCE SET; Schema: public; Owner: postgres
--

SELECT pg_catalog.setval('public.web_enfermeros_id_seq', 5, true);


--
-- Name: web_evaluacion_riesgo_id_seq; Type: SEQUENCE SET; Schema: public; Owner: postgres
--

SELECT pg_catalog.setval('public.web_evaluacion_riesgo_id_seq', 1, false);


--
-- Name: web_fallecidos_art_id_seq; Type: SEQUENCE SET; Schema: public; Owner: postgres
--

SELECT pg_catalog.setval('public.web_fallecidos_art_id_seq', 1, false);


--
-- Name: web_fallecidos_id_seq; Type: SEQUENCE SET; Schema: public; Owner: postgres
--

SELECT pg_catalog.setval('public.web_fallecidos_id_seq', 1, false);


--
-- Name: web_falsa_alarma_id_seq; Type: SEQUENCE SET; Schema: public; Owner: postgres
--

SELECT pg_catalog.setval('public.web_falsa_alarma_id_seq', 1, false);


--
-- Name: web_guardia_prevencion_id_seq; Type: SEQUENCE SET; Schema: public; Owner: postgres
--

SELECT pg_catalog.setval('public.web_guardia_prevencion_id_seq', 4, true);


--
-- Name: web_incendios_art_id_seq; Type: SEQUENCE SET; Schema: public; Owner: postgres
--

SELECT pg_catalog.setval('public.web_incendios_art_id_seq', 1, false);


--
-- Name: web_incendios_id_seq; Type: SEQUENCE SET; Schema: public; Owner: postgres
--

SELECT pg_catalog.setval('public.web_incendios_id_seq', 1, false);


--
-- Name: web_inspeccion_arbol_id_seq; Type: SEQUENCE SET; Schema: public; Owner: postgres
--

SELECT pg_catalog.setval('public.web_inspeccion_arbol_id_seq', 1, false);


--
-- Name: web_inspeccion_establecimiento_art_id_seq; Type: SEQUENCE SET; Schema: public; Owner: postgres
--

SELECT pg_catalog.setval('public.web_inspeccion_establecimiento_art_id_seq', 1, false);


--
-- Name: web_inspeccion_habitabilidad_id_seq; Type: SEQUENCE SET; Schema: public; Owner: postgres
--

SELECT pg_catalog.setval('public.web_inspeccion_habitabilidad_id_seq', 1, false);


--
-- Name: web_inspeccion_otros_id_seq; Type: SEQUENCE SET; Schema: public; Owner: postgres
--

SELECT pg_catalog.setval('public.web_inspeccion_otros_id_seq', 1, false);


--
-- Name: web_inspeccion_prevencion_asesorias_tecnicas_id_seq; Type: SEQUENCE SET; Schema: public; Owner: postgres
--

SELECT pg_catalog.setval('public.web_inspeccion_prevencion_asesorias_tecnicas_id_seq', 1, false);


--
-- Name: web_investigacion_comercio_id_seq; Type: SEQUENCE SET; Schema: public; Owner: postgres
--

SELECT pg_catalog.setval('public.web_investigacion_comercio_id_seq', 1, false);


--
-- Name: web_investigacion_estructura_vivienda_id_seq; Type: SEQUENCE SET; Schema: public; Owner: postgres
--

SELECT pg_catalog.setval('public.web_investigacion_estructura_vivienda_id_seq', 1, false);


--
-- Name: web_investigacion_id_seq; Type: SEQUENCE SET; Schema: public; Owner: postgres
--

SELECT pg_catalog.setval('public.web_investigacion_id_seq', 1, false);


--
-- Name: web_investigacion_vehiculo_id_seq; Type: SEQUENCE SET; Schema: public; Owner: postgres
--

SELECT pg_catalog.setval('public.web_investigacion_vehiculo_id_seq', 1, false);


--
-- Name: web_jornada_medica_id_seq; Type: SEQUENCE SET; Schema: public; Owner: postgres
--

SELECT pg_catalog.setval('public.web_jornada_medica_id_seq', 1, false);


--
-- Name: web_lesionados_art_id_seq; Type: SEQUENCE SET; Schema: public; Owner: postgres
--

SELECT pg_catalog.setval('public.web_lesionados_art_id_seq', 1, false);


--
-- Name: web_lesionados_id_seq; Type: SEQUENCE SET; Schema: public; Owner: postgres
--

SELECT pg_catalog.setval('public.web_lesionados_id_seq', 1, false);


--
-- Name: web_mitigacion_riesgo_id_seq; Type: SEQUENCE SET; Schema: public; Owner: postgres
--

SELECT pg_catalog.setval('public.web_mitigacion_riesgo_id_seq', 5, true);


--
-- Name: web_mitigacion_riesgos_id_seq; Type: SEQUENCE SET; Schema: public; Owner: postgres
--

SELECT pg_catalog.setval('public.web_mitigacion_riesgos_id_seq', 1, false);


--
-- Name: web_motivo_alarma_id_seq; Type: SEQUENCE SET; Schema: public; Owner: postgres
--

SELECT pg_catalog.setval('public.web_motivo_alarma_id_seq', 3, true);


--
-- Name: web_motivo_avanzada_id_seq; Type: SEQUENCE SET; Schema: public; Owner: postgres
--

SELECT pg_catalog.setval('public.web_motivo_avanzada_id_seq', 2, true);


--
-- Name: web_motivo_despliegue_id_seq; Type: SEQUENCE SET; Schema: public; Owner: postgres
--

SELECT pg_catalog.setval('public.web_motivo_despliegue_id_seq', 2, true);


--
-- Name: web_motivo_prevencion_id_seq; Type: SEQUENCE SET; Schema: public; Owner: postgres
--

SELECT pg_catalog.setval('public.web_motivo_prevencion_id_seq', 7, true);


--
-- Name: web_motivo_riesgo_id_seq; Type: SEQUENCE SET; Schema: public; Owner: postgres
--

SELECT pg_catalog.setval('public.web_motivo_riesgo_id_seq', 5, true);


--
-- Name: web_municipios_id_seq; Type: SEQUENCE SET; Schema: public; Owner: postgres
--

SELECT pg_catalog.setval('public.web_municipios_id_seq', 29, true);


--
-- Name: web_parroquias_id_seq; Type: SEQUENCE SET; Schema: public; Owner: postgres
--

SELECT pg_catalog.setval('public.web_parroquias_id_seq', 6, true);


--
-- Name: web_persona_presente_art_id_seq; Type: SEQUENCE SET; Schema: public; Owner: postgres
--

SELECT pg_catalog.setval('public.web_persona_presente_art_id_seq', 1, false);


--
-- Name: web_persona_presente_eval_id_seq; Type: SEQUENCE SET; Schema: public; Owner: postgres
--

SELECT pg_catalog.setval('public.web_persona_presente_eval_id_seq', 1, false);


--
-- Name: web_persona_presente_id_seq; Type: SEQUENCE SET; Schema: public; Owner: postgres
--

SELECT pg_catalog.setval('public.web_persona_presente_id_seq', 1, false);


--
-- Name: web_personal_id_seq; Type: SEQUENCE SET; Schema: public; Owner: postgres
--

SELECT pg_catalog.setval('public.web_personal_id_seq', 39, true);


--
-- Name: web_procedimientos_capacitacion_id_seq; Type: SEQUENCE SET; Schema: public; Owner: postgres
--

SELECT pg_catalog.setval('public.web_procedimientos_capacitacion_id_seq', 1, false);


--
-- Name: web_procedimientos_frente_preventivo_id_seq; Type: SEQUENCE SET; Schema: public; Owner: postgres
--

SELECT pg_catalog.setval('public.web_procedimientos_frente_preventivo_id_seq', 1, false);


--
-- Name: web_procedimientos_id_seq; Type: SEQUENCE SET; Schema: public; Owner: postgres
--

SELECT pg_catalog.setval('public.web_procedimientos_id_seq', 55, true);


--
-- Name: web_procedimientos_psicologia_id_seq; Type: SEQUENCE SET; Schema: public; Owner: postgres
--

SELECT pg_catalog.setval('public.web_procedimientos_psicologia_id_seq', 1, false);


--
-- Name: web_psicologa_id_seq; Type: SEQUENCE SET; Schema: public; Owner: postgres
--

SELECT pg_catalog.setval('public.web_psicologa_id_seq', 1, true);


--
-- Name: web_puesto_avanzada_id_seq; Type: SEQUENCE SET; Schema: public; Owner: postgres
--

SELECT pg_catalog.setval('public.web_puesto_avanzada_id_seq', 1, false);


--
-- Name: web_reinspeccion_prevencion_id_seq; Type: SEQUENCE SET; Schema: public; Owner: postgres
--

SELECT pg_catalog.setval('public.web_reinspeccion_prevencion_id_seq', 1, false);


--
-- Name: web_rescate_animal_id_seq; Type: SEQUENCE SET; Schema: public; Owner: postgres
--

SELECT pg_catalog.setval('public.web_rescate_animal_id_seq', 14, true);


--
-- Name: web_rescate_id_seq; Type: SEQUENCE SET; Schema: public; Owner: postgres
--

SELECT pg_catalog.setval('public.web_rescate_id_seq', 23, true);


--
-- Name: web_rescate_persona_id_seq; Type: SEQUENCE SET; Schema: public; Owner: postgres
--

SELECT pg_catalog.setval('public.web_rescate_persona_id_seq', 1, false);


--
-- Name: web_retencion_preventiva_id_seq; Type: SEQUENCE SET; Schema: public; Owner: postgres
--

SELECT pg_catalog.setval('public.web_retencion_preventiva_id_seq', 1, false);


--
-- Name: web_servicios_especiales_id_seq; Type: SEQUENCE SET; Schema: public; Owner: postgres
--

SELECT pg_catalog.setval('public.web_servicios_especiales_id_seq', 12, true);


--
-- Name: web_tipo_accidente_id_seq; Type: SEQUENCE SET; Schema: public; Owner: postgres
--

SELECT pg_catalog.setval('public.web_tipo_accidente_id_seq', 8, true);


--
-- Name: web_tipo_apoyo_id_seq; Type: SEQUENCE SET; Schema: public; Owner: postgres
--

SELECT pg_catalog.setval('public.web_tipo_apoyo_id_seq', 5, true);


--
-- Name: web_tipo_cilindro_id_seq; Type: SEQUENCE SET; Schema: public; Owner: postgres
--

SELECT pg_catalog.setval('public.web_tipo_cilindro_id_seq', 3, true);


--
-- Name: web_tipo_incendio_id_seq; Type: SEQUENCE SET; Schema: public; Owner: postgres
--

SELECT pg_catalog.setval('public.web_tipo_incendio_id_seq', 3, true);


--
-- Name: web_tipo_institucion_id_seq; Type: SEQUENCE SET; Schema: public; Owner: postgres
--

SELECT pg_catalog.setval('public.web_tipo_institucion_id_seq', 7, true);


--
-- Name: web_tipo_rescate_id_seq; Type: SEQUENCE SET; Schema: public; Owner: postgres
--

SELECT pg_catalog.setval('public.web_tipo_rescate_id_seq', 7, true);


--
-- Name: web_tipo_servicios_id_seq; Type: SEQUENCE SET; Schema: public; Owner: postgres
--

SELECT pg_catalog.setval('public.web_tipo_servicios_id_seq', 7, true);


--
-- Name: web_tipos_artificios_id_seq; Type: SEQUENCE SET; Schema: public; Owner: postgres
--

SELECT pg_catalog.setval('public.web_tipos_artificios_id_seq', 3, true);


--
-- Name: web_tipos_investigacion_id_seq; Type: SEQUENCE SET; Schema: public; Owner: postgres
--

SELECT pg_catalog.setval('public.web_tipos_investigacion_id_seq', 2, true);


--
-- Name: web_tipos_procedimientos_id_seq; Type: SEQUENCE SET; Schema: public; Owner: postgres
--

SELECT pg_catalog.setval('public.web_tipos_procedimientos_id_seq', 45, true);


--
-- Name: web_tipos_traslado_id_seq; Type: SEQUENCE SET; Schema: public; Owner: postgres
--

SELECT pg_catalog.setval('public.web_tipos_traslado_id_seq', 3, true);


--
-- Name: web_traslado_accidente_id_seq; Type: SEQUENCE SET; Schema: public; Owner: postgres
--

SELECT pg_catalog.setval('public.web_traslado_accidente_id_seq', 1, false);


--
-- Name: web_traslado_id_seq; Type: SEQUENCE SET; Schema: public; Owner: postgres
--

SELECT pg_catalog.setval('public.web_traslado_id_seq', 1, false);


--
-- Name: web_traslado_prehospitalaria_id_seq; Type: SEQUENCE SET; Schema: public; Owner: postgres
--

SELECT pg_catalog.setval('public.web_traslado_prehospitalaria_id_seq', 1, false);


--
-- Name: web_unidades_id_seq; Type: SEQUENCE SET; Schema: public; Owner: postgres
--

SELECT pg_catalog.setval('public.web_unidades_id_seq', 25, true);


--
-- Name: web_usuarios_id_seq; Type: SEQUENCE SET; Schema: public; Owner: postgres
--

SELECT pg_catalog.setval('public.web_usuarios_id_seq', 14, true);


--
-- Name: web_valoracion_medica_id_seq; Type: SEQUENCE SET; Schema: public; Owner: postgres
--

SELECT pg_catalog.setval('public.web_valoracion_medica_id_seq', 1, false);


--
-- Name: auth_group auth_group_name_key; Type: CONSTRAINT; Schema: public; Owner: postgres
--

ALTER TABLE ONLY public.auth_group
    ADD CONSTRAINT auth_group_name_key UNIQUE (name);


--
-- Name: auth_group_permissions auth_group_permissions_group_id_permission_id_0cd325b0_uniq; Type: CONSTRAINT; Schema: public; Owner: postgres
--

ALTER TABLE ONLY public.auth_group_permissions
    ADD CONSTRAINT auth_group_permissions_group_id_permission_id_0cd325b0_uniq UNIQUE (group_id, permission_id);


--
-- Name: auth_group_permissions auth_group_permissions_pkey; Type: CONSTRAINT; Schema: public; Owner: postgres
--

ALTER TABLE ONLY public.auth_group_permissions
    ADD CONSTRAINT auth_group_permissions_pkey PRIMARY KEY (id);


--
-- Name: auth_group auth_group_pkey; Type: CONSTRAINT; Schema: public; Owner: postgres
--

ALTER TABLE ONLY public.auth_group
    ADD CONSTRAINT auth_group_pkey PRIMARY KEY (id);


--
-- Name: auth_permission auth_permission_content_type_id_codename_01ab375a_uniq; Type: CONSTRAINT; Schema: public; Owner: postgres
--

ALTER TABLE ONLY public.auth_permission
    ADD CONSTRAINT auth_permission_content_type_id_codename_01ab375a_uniq UNIQUE (content_type_id, codename);


--
-- Name: auth_permission auth_permission_pkey; Type: CONSTRAINT; Schema: public; Owner: postgres
--

ALTER TABLE ONLY public.auth_permission
    ADD CONSTRAINT auth_permission_pkey PRIMARY KEY (id);


--
-- Name: auth_user_groups auth_user_groups_pkey; Type: CONSTRAINT; Schema: public; Owner: postgres
--

ALTER TABLE ONLY public.auth_user_groups
    ADD CONSTRAINT auth_user_groups_pkey PRIMARY KEY (id);


--
-- Name: auth_user_groups auth_user_groups_user_id_group_id_94350c0c_uniq; Type: CONSTRAINT; Schema: public; Owner: postgres
--

ALTER TABLE ONLY public.auth_user_groups
    ADD CONSTRAINT auth_user_groups_user_id_group_id_94350c0c_uniq UNIQUE (user_id, group_id);


--
-- Name: auth_user auth_user_pkey; Type: CONSTRAINT; Schema: public; Owner: postgres
--

ALTER TABLE ONLY public.auth_user
    ADD CONSTRAINT auth_user_pkey PRIMARY KEY (id);


--
-- Name: auth_user_user_permissions auth_user_user_permissions_pkey; Type: CONSTRAINT; Schema: public; Owner: postgres
--

ALTER TABLE ONLY public.auth_user_user_permissions
    ADD CONSTRAINT auth_user_user_permissions_pkey PRIMARY KEY (id);


--
-- Name: auth_user_user_permissions auth_user_user_permissions_user_id_permission_id_14a6b632_uniq; Type: CONSTRAINT; Schema: public; Owner: postgres
--

ALTER TABLE ONLY public.auth_user_user_permissions
    ADD CONSTRAINT auth_user_user_permissions_user_id_permission_id_14a6b632_uniq UNIQUE (user_id, permission_id);


--
-- Name: auth_user auth_user_username_key; Type: CONSTRAINT; Schema: public; Owner: postgres
--

ALTER TABLE ONLY public.auth_user
    ADD CONSTRAINT auth_user_username_key UNIQUE (username);


--
-- Name: django_admin_log django_admin_log_pkey; Type: CONSTRAINT; Schema: public; Owner: postgres
--

ALTER TABLE ONLY public.django_admin_log
    ADD CONSTRAINT django_admin_log_pkey PRIMARY KEY (id);


--
-- Name: django_content_type django_content_type_app_label_model_76bd3d3b_uniq; Type: CONSTRAINT; Schema: public; Owner: postgres
--

ALTER TABLE ONLY public.django_content_type
    ADD CONSTRAINT django_content_type_app_label_model_76bd3d3b_uniq UNIQUE (app_label, model);


--
-- Name: django_content_type django_content_type_pkey; Type: CONSTRAINT; Schema: public; Owner: postgres
--

ALTER TABLE ONLY public.django_content_type
    ADD CONSTRAINT django_content_type_pkey PRIMARY KEY (id);


--
-- Name: django_migrations django_migrations_pkey; Type: CONSTRAINT; Schema: public; Owner: postgres
--

ALTER TABLE ONLY public.django_migrations
    ADD CONSTRAINT django_migrations_pkey PRIMARY KEY (id);


--
-- Name: django_session django_session_pkey; Type: CONSTRAINT; Schema: public; Owner: postgres
--

ALTER TABLE ONLY public.django_session
    ADD CONSTRAINT django_session_pkey PRIMARY KEY (session_key);


--
-- Name: web_abastecimiento_agua web_abastecimiento_agua_pkey; Type: CONSTRAINT; Schema: public; Owner: postgres
--

ALTER TABLE ONLY public.web_abastecimiento_agua
    ADD CONSTRAINT web_abastecimiento_agua_pkey PRIMARY KEY (id);


--
-- Name: web_accidentes_transito web_accidentes_transito_pkey; Type: CONSTRAINT; Schema: public; Owner: postgres
--

ALTER TABLE ONLY public.web_accidentes_transito
    ADD CONSTRAINT web_accidentes_transito_pkey PRIMARY KEY (id);


--
-- Name: web_apoyo_unidades web_apoyo_unidades_pkey; Type: CONSTRAINT; Schema: public; Owner: postgres
--

ALTER TABLE ONLY public.web_apoyo_unidades
    ADD CONSTRAINT web_apoyo_unidades_pkey PRIMARY KEY (id);


--
-- Name: web_artificios_pirotecnicos web_artificios_pirotecnicos_pkey; Type: CONSTRAINT; Schema: public; Owner: postgres
--

ALTER TABLE ONLY public.web_artificios_pirotecnicos
    ADD CONSTRAINT web_artificios_pirotecnicos_pkey PRIMARY KEY (id);


--
-- Name: web_asesoramiento web_asesoramiento_pkey; Type: CONSTRAINT; Schema: public; Owner: postgres
--

ALTER TABLE ONLY public.web_asesoramiento
    ADD CONSTRAINT web_asesoramiento_pkey PRIMARY KEY (id);


--
-- Name: web_atenciones_paramedicas web_atenciones_paramedicas_pkey; Type: CONSTRAINT; Schema: public; Owner: postgres
--

ALTER TABLE ONLY public.web_atenciones_paramedicas
    ADD CONSTRAINT web_atenciones_paramedicas_pkey PRIMARY KEY (id);


--
-- Name: web_atendido_no_efectuado web_atendido_no_efectuado_pkey; Type: CONSTRAINT; Schema: public; Owner: postgres
--

ALTER TABLE ONLY public.web_atendido_no_efectuado
    ADD CONSTRAINT web_atendido_no_efectuado_pkey PRIMARY KEY (id);


--
-- Name: web_despliegue_seguridad web_despliegue_seguridad_pkey; Type: CONSTRAINT; Schema: public; Owner: postgres
--

ALTER TABLE ONLY public.web_despliegue_seguridad
    ADD CONSTRAINT web_despliegue_seguridad_pkey PRIMARY KEY (id);


--
-- Name: web_detalles_enfermeria web_detalles_enfermeria_pkey; Type: CONSTRAINT; Schema: public; Owner: postgres
--

ALTER TABLE ONLY public.web_detalles_enfermeria
    ADD CONSTRAINT web_detalles_enfermeria_pkey PRIMARY KEY (id);


--
-- Name: web_detalles_vehiculos_accidente web_detalles_vehiculos_accidente_pkey; Type: CONSTRAINT; Schema: public; Owner: postgres
--

ALTER TABLE ONLY public.web_detalles_vehiculos_accidente
    ADD CONSTRAINT web_detalles_vehiculos_accidente_pkey PRIMARY KEY (id);


--
-- Name: web_detalles_vehiculos_art web_detalles_vehiculos_art_pkey; Type: CONSTRAINT; Schema: public; Owner: postgres
--

ALTER TABLE ONLY public.web_detalles_vehiculos_art
    ADD CONSTRAINT web_detalles_vehiculos_art_pkey PRIMARY KEY (id);


--
-- Name: web_detalles_vehiculos web_detalles_vehiculos_pkey; Type: CONSTRAINT; Schema: public; Owner: postgres
--

ALTER TABLE ONLY public.web_detalles_vehiculos
    ADD CONSTRAINT web_detalles_vehiculos_pkey PRIMARY KEY (id);


--
-- Name: web_divisiones web_divisiones_pkey; Type: CONSTRAINT; Schema: public; Owner: postgres
--

ALTER TABLE ONLY public.web_divisiones
    ADD CONSTRAINT web_divisiones_pkey PRIMARY KEY (id);


--
-- Name: web_doctores web_doctores_pkey; Type: CONSTRAINT; Schema: public; Owner: postgres
--

ALTER TABLE ONLY public.web_doctores
    ADD CONSTRAINT web_doctores_pkey PRIMARY KEY (id);


--
-- Name: web_emergencias_medicas web_emergencias_medicas_pkey; Type: CONSTRAINT; Schema: public; Owner: postgres
--

ALTER TABLE ONLY public.web_emergencias_medicas
    ADD CONSTRAINT web_emergencias_medicas_pkey PRIMARY KEY (id);


--
-- Name: web_enfermeros web_enfermeros_pkey; Type: CONSTRAINT; Schema: public; Owner: postgres
--

ALTER TABLE ONLY public.web_enfermeros
    ADD CONSTRAINT web_enfermeros_pkey PRIMARY KEY (id);


--
-- Name: web_evaluacion_riesgo web_evaluacion_riesgo_pkey; Type: CONSTRAINT; Schema: public; Owner: postgres
--

ALTER TABLE ONLY public.web_evaluacion_riesgo
    ADD CONSTRAINT web_evaluacion_riesgo_pkey PRIMARY KEY (id);


--
-- Name: web_fallecidos_art web_fallecidos_art_pkey; Type: CONSTRAINT; Schema: public; Owner: postgres
--

ALTER TABLE ONLY public.web_fallecidos_art
    ADD CONSTRAINT web_fallecidos_art_pkey PRIMARY KEY (id);


--
-- Name: web_fallecidos web_fallecidos_pkey; Type: CONSTRAINT; Schema: public; Owner: postgres
--

ALTER TABLE ONLY public.web_fallecidos
    ADD CONSTRAINT web_fallecidos_pkey PRIMARY KEY (id);


--
-- Name: web_falsa_alarma web_falsa_alarma_pkey; Type: CONSTRAINT; Schema: public; Owner: postgres
--

ALTER TABLE ONLY public.web_falsa_alarma
    ADD CONSTRAINT web_falsa_alarma_pkey PRIMARY KEY (id);


--
-- Name: web_guardia_prevencion web_guardia_prevencion_pkey; Type: CONSTRAINT; Schema: public; Owner: postgres
--

ALTER TABLE ONLY public.web_guardia_prevencion
    ADD CONSTRAINT web_guardia_prevencion_pkey PRIMARY KEY (id);


--
-- Name: web_incendios_art web_incendios_art_pkey; Type: CONSTRAINT; Schema: public; Owner: postgres
--

ALTER TABLE ONLY public.web_incendios_art
    ADD CONSTRAINT web_incendios_art_pkey PRIMARY KEY (id);


--
-- Name: web_incendios web_incendios_pkey; Type: CONSTRAINT; Schema: public; Owner: postgres
--

ALTER TABLE ONLY public.web_incendios
    ADD CONSTRAINT web_incendios_pkey PRIMARY KEY (id);


--
-- Name: web_inspeccion_arbol web_inspeccion_arbol_pkey; Type: CONSTRAINT; Schema: public; Owner: postgres
--

ALTER TABLE ONLY public.web_inspeccion_arbol
    ADD CONSTRAINT web_inspeccion_arbol_pkey PRIMARY KEY (id);


--
-- Name: web_inspeccion_establecimiento_art web_inspeccion_establecimiento_art_pkey; Type: CONSTRAINT; Schema: public; Owner: postgres
--

ALTER TABLE ONLY public.web_inspeccion_establecimiento_art
    ADD CONSTRAINT web_inspeccion_establecimiento_art_pkey PRIMARY KEY (id);


--
-- Name: web_inspeccion_habitabilidad web_inspeccion_habitabilidad_pkey; Type: CONSTRAINT; Schema: public; Owner: postgres
--

ALTER TABLE ONLY public.web_inspeccion_habitabilidad
    ADD CONSTRAINT web_inspeccion_habitabilidad_pkey PRIMARY KEY (id);


--
-- Name: web_inspeccion_otros web_inspeccion_otros_pkey; Type: CONSTRAINT; Schema: public; Owner: postgres
--

ALTER TABLE ONLY public.web_inspeccion_otros
    ADD CONSTRAINT web_inspeccion_otros_pkey PRIMARY KEY (id);


--
-- Name: web_inspeccion_prevencion_asesorias_tecnicas web_inspeccion_prevencion_asesorias_tecnicas_pkey; Type: CONSTRAINT; Schema: public; Owner: postgres
--

ALTER TABLE ONLY public.web_inspeccion_prevencion_asesorias_tecnicas
    ADD CONSTRAINT web_inspeccion_prevencion_asesorias_tecnicas_pkey PRIMARY KEY (id);


--
-- Name: web_investigacion_comercio web_investigacion_comercio_pkey; Type: CONSTRAINT; Schema: public; Owner: postgres
--

ALTER TABLE ONLY public.web_investigacion_comercio
    ADD CONSTRAINT web_investigacion_comercio_pkey PRIMARY KEY (id);


--
-- Name: web_investigacion_estructura_vivienda web_investigacion_estructura_vivienda_pkey; Type: CONSTRAINT; Schema: public; Owner: postgres
--

ALTER TABLE ONLY public.web_investigacion_estructura_vivienda
    ADD CONSTRAINT web_investigacion_estructura_vivienda_pkey PRIMARY KEY (id);


--
-- Name: web_investigacion web_investigacion_pkey; Type: CONSTRAINT; Schema: public; Owner: postgres
--

ALTER TABLE ONLY public.web_investigacion
    ADD CONSTRAINT web_investigacion_pkey PRIMARY KEY (id);


--
-- Name: web_investigacion_vehiculo web_investigacion_vehiculo_pkey; Type: CONSTRAINT; Schema: public; Owner: postgres
--

ALTER TABLE ONLY public.web_investigacion_vehiculo
    ADD CONSTRAINT web_investigacion_vehiculo_pkey PRIMARY KEY (id);


--
-- Name: web_jornada_medica web_jornada_medica_pkey; Type: CONSTRAINT; Schema: public; Owner: postgres
--

ALTER TABLE ONLY public.web_jornada_medica
    ADD CONSTRAINT web_jornada_medica_pkey PRIMARY KEY (id);


--
-- Name: web_lesionados_art web_lesionados_art_pkey; Type: CONSTRAINT; Schema: public; Owner: postgres
--

ALTER TABLE ONLY public.web_lesionados_art
    ADD CONSTRAINT web_lesionados_art_pkey PRIMARY KEY (id);


--
-- Name: web_lesionados web_lesionados_pkey; Type: CONSTRAINT; Schema: public; Owner: postgres
--

ALTER TABLE ONLY public.web_lesionados
    ADD CONSTRAINT web_lesionados_pkey PRIMARY KEY (id);


--
-- Name: web_mitigacion_riesgo web_mitigacion_riesgo_pkey; Type: CONSTRAINT; Schema: public; Owner: postgres
--

ALTER TABLE ONLY public.web_mitigacion_riesgo
    ADD CONSTRAINT web_mitigacion_riesgo_pkey PRIMARY KEY (id);


--
-- Name: web_mitigacion_riesgos web_mitigacion_riesgos_pkey; Type: CONSTRAINT; Schema: public; Owner: postgres
--

ALTER TABLE ONLY public.web_mitigacion_riesgos
    ADD CONSTRAINT web_mitigacion_riesgos_pkey PRIMARY KEY (id);


--
-- Name: web_motivo_alarma web_motivo_alarma_pkey; Type: CONSTRAINT; Schema: public; Owner: postgres
--

ALTER TABLE ONLY public.web_motivo_alarma
    ADD CONSTRAINT web_motivo_alarma_pkey PRIMARY KEY (id);


--
-- Name: web_motivo_avanzada web_motivo_avanzada_pkey; Type: CONSTRAINT; Schema: public; Owner: postgres
--

ALTER TABLE ONLY public.web_motivo_avanzada
    ADD CONSTRAINT web_motivo_avanzada_pkey PRIMARY KEY (id);


--
-- Name: web_motivo_despliegue web_motivo_despliegue_pkey; Type: CONSTRAINT; Schema: public; Owner: postgres
--

ALTER TABLE ONLY public.web_motivo_despliegue
    ADD CONSTRAINT web_motivo_despliegue_pkey PRIMARY KEY (id);


--
-- Name: web_motivo_prevencion web_motivo_prevencion_pkey; Type: CONSTRAINT; Schema: public; Owner: postgres
--

ALTER TABLE ONLY public.web_motivo_prevencion
    ADD CONSTRAINT web_motivo_prevencion_pkey PRIMARY KEY (id);


--
-- Name: web_motivo_riesgo web_motivo_riesgo_pkey; Type: CONSTRAINT; Schema: public; Owner: postgres
--

ALTER TABLE ONLY public.web_motivo_riesgo
    ADD CONSTRAINT web_motivo_riesgo_pkey PRIMARY KEY (id);


--
-- Name: web_municipios web_municipios_pkey; Type: CONSTRAINT; Schema: public; Owner: postgres
--

ALTER TABLE ONLY public.web_municipios
    ADD CONSTRAINT web_municipios_pkey PRIMARY KEY (id);


--
-- Name: web_parroquias web_parroquias_pkey; Type: CONSTRAINT; Schema: public; Owner: postgres
--

ALTER TABLE ONLY public.web_parroquias
    ADD CONSTRAINT web_parroquias_pkey PRIMARY KEY (id);


--
-- Name: web_persona_presente_art web_persona_presente_art_pkey; Type: CONSTRAINT; Schema: public; Owner: postgres
--

ALTER TABLE ONLY public.web_persona_presente_art
    ADD CONSTRAINT web_persona_presente_art_pkey PRIMARY KEY (id);


--
-- Name: web_persona_presente_eval web_persona_presente_eval_pkey; Type: CONSTRAINT; Schema: public; Owner: postgres
--

ALTER TABLE ONLY public.web_persona_presente_eval
    ADD CONSTRAINT web_persona_presente_eval_pkey PRIMARY KEY (id);


--
-- Name: web_persona_presente web_persona_presente_pkey; Type: CONSTRAINT; Schema: public; Owner: postgres
--

ALTER TABLE ONLY public.web_persona_presente
    ADD CONSTRAINT web_persona_presente_pkey PRIMARY KEY (id);


--
-- Name: web_personal web_personal_pkey; Type: CONSTRAINT; Schema: public; Owner: postgres
--

ALTER TABLE ONLY public.web_personal
    ADD CONSTRAINT web_personal_pkey PRIMARY KEY (id);


--
-- Name: web_procedimientos_capacitacion web_procedimientos_capacitacion_pkey; Type: CONSTRAINT; Schema: public; Owner: postgres
--

ALTER TABLE ONLY public.web_procedimientos_capacitacion
    ADD CONSTRAINT web_procedimientos_capacitacion_pkey PRIMARY KEY (id);


--
-- Name: web_procedimientos_frente_preventivo web_procedimientos_frente_preventivo_pkey; Type: CONSTRAINT; Schema: public; Owner: postgres
--

ALTER TABLE ONLY public.web_procedimientos_frente_preventivo
    ADD CONSTRAINT web_procedimientos_frente_preventivo_pkey PRIMARY KEY (id);


--
-- Name: web_procedimientos web_procedimientos_pkey; Type: CONSTRAINT; Schema: public; Owner: postgres
--

ALTER TABLE ONLY public.web_procedimientos
    ADD CONSTRAINT web_procedimientos_pkey PRIMARY KEY (id);


--
-- Name: web_procedimientos_psicologia web_procedimientos_psicologia_pkey; Type: CONSTRAINT; Schema: public; Owner: postgres
--

ALTER TABLE ONLY public.web_procedimientos_psicologia
    ADD CONSTRAINT web_procedimientos_psicologia_pkey PRIMARY KEY (id);


--
-- Name: web_psicologa web_psicologa_pkey; Type: CONSTRAINT; Schema: public; Owner: postgres
--

ALTER TABLE ONLY public.web_psicologa
    ADD CONSTRAINT web_psicologa_pkey PRIMARY KEY (id);


--
-- Name: web_puesto_avanzada web_puesto_avanzada_pkey; Type: CONSTRAINT; Schema: public; Owner: postgres
--

ALTER TABLE ONLY public.web_puesto_avanzada
    ADD CONSTRAINT web_puesto_avanzada_pkey PRIMARY KEY (id);


--
-- Name: web_reinspeccion_prevencion web_reinspeccion_prevencion_pkey; Type: CONSTRAINT; Schema: public; Owner: postgres
--

ALTER TABLE ONLY public.web_reinspeccion_prevencion
    ADD CONSTRAINT web_reinspeccion_prevencion_pkey PRIMARY KEY (id);


--
-- Name: web_rescate_animal web_rescate_animal_pkey; Type: CONSTRAINT; Schema: public; Owner: postgres
--

ALTER TABLE ONLY public.web_rescate_animal
    ADD CONSTRAINT web_rescate_animal_pkey PRIMARY KEY (id);


--
-- Name: web_rescate_persona web_rescate_persona_pkey; Type: CONSTRAINT; Schema: public; Owner: postgres
--

ALTER TABLE ONLY public.web_rescate_persona
    ADD CONSTRAINT web_rescate_persona_pkey PRIMARY KEY (id);


--
-- Name: web_rescate web_rescate_pkey; Type: CONSTRAINT; Schema: public; Owner: postgres
--

ALTER TABLE ONLY public.web_rescate
    ADD CONSTRAINT web_rescate_pkey PRIMARY KEY (id);


--
-- Name: web_retencion_preventiva web_retencion_preventiva_pkey; Type: CONSTRAINT; Schema: public; Owner: postgres
--

ALTER TABLE ONLY public.web_retencion_preventiva
    ADD CONSTRAINT web_retencion_preventiva_pkey PRIMARY KEY (id);


--
-- Name: web_servicios_especiales web_servicios_especiales_pkey; Type: CONSTRAINT; Schema: public; Owner: postgres
--

ALTER TABLE ONLY public.web_servicios_especiales
    ADD CONSTRAINT web_servicios_especiales_pkey PRIMARY KEY (id);


--
-- Name: web_tipo_accidente web_tipo_accidente_pkey; Type: CONSTRAINT; Schema: public; Owner: postgres
--

ALTER TABLE ONLY public.web_tipo_accidente
    ADD CONSTRAINT web_tipo_accidente_pkey PRIMARY KEY (id);


--
-- Name: web_tipo_apoyo web_tipo_apoyo_pkey; Type: CONSTRAINT; Schema: public; Owner: postgres
--

ALTER TABLE ONLY public.web_tipo_apoyo
    ADD CONSTRAINT web_tipo_apoyo_pkey PRIMARY KEY (id);


--
-- Name: web_tipo_cilindro web_tipo_cilindro_pkey; Type: CONSTRAINT; Schema: public; Owner: postgres
--

ALTER TABLE ONLY public.web_tipo_cilindro
    ADD CONSTRAINT web_tipo_cilindro_pkey PRIMARY KEY (id);


--
-- Name: web_tipo_incendio web_tipo_incendio_pkey; Type: CONSTRAINT; Schema: public; Owner: postgres
--

ALTER TABLE ONLY public.web_tipo_incendio
    ADD CONSTRAINT web_tipo_incendio_pkey PRIMARY KEY (id);


--
-- Name: web_tipo_institucion web_tipo_institucion_pkey; Type: CONSTRAINT; Schema: public; Owner: postgres
--

ALTER TABLE ONLY public.web_tipo_institucion
    ADD CONSTRAINT web_tipo_institucion_pkey PRIMARY KEY (id);


--
-- Name: web_tipo_rescate web_tipo_rescate_pkey; Type: CONSTRAINT; Schema: public; Owner: postgres
--

ALTER TABLE ONLY public.web_tipo_rescate
    ADD CONSTRAINT web_tipo_rescate_pkey PRIMARY KEY (id);


--
-- Name: web_tipo_servicios web_tipo_servicios_pkey; Type: CONSTRAINT; Schema: public; Owner: postgres
--

ALTER TABLE ONLY public.web_tipo_servicios
    ADD CONSTRAINT web_tipo_servicios_pkey PRIMARY KEY (id);


--
-- Name: web_tipos_artificios web_tipos_artificios_pkey; Type: CONSTRAINT; Schema: public; Owner: postgres
--

ALTER TABLE ONLY public.web_tipos_artificios
    ADD CONSTRAINT web_tipos_artificios_pkey PRIMARY KEY (id);


--
-- Name: web_tipos_investigacion web_tipos_investigacion_pkey; Type: CONSTRAINT; Schema: public; Owner: postgres
--

ALTER TABLE ONLY public.web_tipos_investigacion
    ADD CONSTRAINT web_tipos_investigacion_pkey PRIMARY KEY (id);


--
-- Name: web_tipos_procedimientos web_tipos_procedimientos_pkey; Type: CONSTRAINT; Schema: public; Owner: postgres
--

ALTER TABLE ONLY public.web_tipos_procedimientos
    ADD CONSTRAINT web_tipos_procedimientos_pkey PRIMARY KEY (id);


--
-- Name: web_tipos_traslado web_tipos_traslado_pkey; Type: CONSTRAINT; Schema: public; Owner: postgres
--

ALTER TABLE ONLY public.web_tipos_traslado
    ADD CONSTRAINT web_tipos_traslado_pkey PRIMARY KEY (id);


--
-- Name: web_traslado_accidente web_traslado_accidente_pkey; Type: CONSTRAINT; Schema: public; Owner: postgres
--

ALTER TABLE ONLY public.web_traslado_accidente
    ADD CONSTRAINT web_traslado_accidente_pkey PRIMARY KEY (id);


--
-- Name: web_traslado web_traslado_pkey; Type: CONSTRAINT; Schema: public; Owner: postgres
--

ALTER TABLE ONLY public.web_traslado
    ADD CONSTRAINT web_traslado_pkey PRIMARY KEY (id);


--
-- Name: web_traslado_prehospitalaria web_traslado_prehospitalaria_pkey; Type: CONSTRAINT; Schema: public; Owner: postgres
--

ALTER TABLE ONLY public.web_traslado_prehospitalaria
    ADD CONSTRAINT web_traslado_prehospitalaria_pkey PRIMARY KEY (id);


--
-- Name: web_unidades web_unidades_pkey; Type: CONSTRAINT; Schema: public; Owner: postgres
--

ALTER TABLE ONLY public.web_unidades
    ADD CONSTRAINT web_unidades_pkey PRIMARY KEY (id);


--
-- Name: web_usuarios web_usuarios_pkey; Type: CONSTRAINT; Schema: public; Owner: postgres
--

ALTER TABLE ONLY public.web_usuarios
    ADD CONSTRAINT web_usuarios_pkey PRIMARY KEY (id);


--
-- Name: web_valoracion_medica web_valoracion_medica_pkey; Type: CONSTRAINT; Schema: public; Owner: postgres
--

ALTER TABLE ONLY public.web_valoracion_medica
    ADD CONSTRAINT web_valoracion_medica_pkey PRIMARY KEY (id);


--
-- Name: auth_group_name_a6ea08ec_like; Type: INDEX; Schema: public; Owner: postgres
--

CREATE INDEX auth_group_name_a6ea08ec_like ON public.auth_group USING btree (name varchar_pattern_ops);


--
-- Name: auth_group_permissions_group_id_b120cbf9; Type: INDEX; Schema: public; Owner: postgres
--

CREATE INDEX auth_group_permissions_group_id_b120cbf9 ON public.auth_group_permissions USING btree (group_id);


--
-- Name: auth_group_permissions_permission_id_84c5c92e; Type: INDEX; Schema: public; Owner: postgres
--

CREATE INDEX auth_group_permissions_permission_id_84c5c92e ON public.auth_group_permissions USING btree (permission_id);


--
-- Name: auth_permission_content_type_id_2f476e4b; Type: INDEX; Schema: public; Owner: postgres
--

CREATE INDEX auth_permission_content_type_id_2f476e4b ON public.auth_permission USING btree (content_type_id);


--
-- Name: auth_user_groups_group_id_97559544; Type: INDEX; Schema: public; Owner: postgres
--

CREATE INDEX auth_user_groups_group_id_97559544 ON public.auth_user_groups USING btree (group_id);


--
-- Name: auth_user_groups_user_id_6a12ed8b; Type: INDEX; Schema: public; Owner: postgres
--

CREATE INDEX auth_user_groups_user_id_6a12ed8b ON public.auth_user_groups USING btree (user_id);


--
-- Name: auth_user_user_permissions_permission_id_1fbb5f2c; Type: INDEX; Schema: public; Owner: postgres
--

CREATE INDEX auth_user_user_permissions_permission_id_1fbb5f2c ON public.auth_user_user_permissions USING btree (permission_id);


--
-- Name: auth_user_user_permissions_user_id_a95ead1b; Type: INDEX; Schema: public; Owner: postgres
--

CREATE INDEX auth_user_user_permissions_user_id_a95ead1b ON public.auth_user_user_permissions USING btree (user_id);


--
-- Name: auth_user_username_6821ab7c_like; Type: INDEX; Schema: public; Owner: postgres
--

CREATE INDEX auth_user_username_6821ab7c_like ON public.auth_user USING btree (username varchar_pattern_ops);


--
-- Name: django_admin_log_content_type_id_c4bce8eb; Type: INDEX; Schema: public; Owner: postgres
--

CREATE INDEX django_admin_log_content_type_id_c4bce8eb ON public.django_admin_log USING btree (content_type_id);


--
-- Name: django_admin_log_user_id_c564eba6; Type: INDEX; Schema: public; Owner: postgres
--

CREATE INDEX django_admin_log_user_id_c564eba6 ON public.django_admin_log USING btree (user_id);


--
-- Name: django_session_expire_date_a5c62663; Type: INDEX; Schema: public; Owner: postgres
--

CREATE INDEX django_session_expire_date_a5c62663 ON public.django_session USING btree (expire_date);


--
-- Name: django_session_session_key_c0390e0f_like; Type: INDEX; Schema: public; Owner: postgres
--

CREATE INDEX django_session_session_key_c0390e0f_like ON public.django_session USING btree (session_key varchar_pattern_ops);


--
-- Name: web_abastecimiento_agua_id_procedimiento_id_4181a062; Type: INDEX; Schema: public; Owner: postgres
--

CREATE INDEX web_abastecimiento_agua_id_procedimiento_id_4181a062 ON public.web_abastecimiento_agua USING btree (id_procedimiento_id);


--
-- Name: web_abastecimiento_agua_id_tipo_servicio_id_025c2f48; Type: INDEX; Schema: public; Owner: postgres
--

CREATE INDEX web_abastecimiento_agua_id_tipo_servicio_id_025c2f48 ON public.web_abastecimiento_agua USING btree (id_tipo_servicio_id);


--
-- Name: web_accidentes_transito_id_atencion_id_31a4bfb8; Type: INDEX; Schema: public; Owner: postgres
--

CREATE INDEX web_accidentes_transito_id_atencion_id_31a4bfb8 ON public.web_accidentes_transito USING btree (id_atencion_id);


--
-- Name: web_accidentes_transito_tipo_de_accidente_id_80fd2bad; Type: INDEX; Schema: public; Owner: postgres
--

CREATE INDEX web_accidentes_transito_tipo_de_accidente_id_80fd2bad ON public.web_accidentes_transito USING btree (tipo_de_accidente_id);


--
-- Name: web_apoyo_unidades_id_procedimiento_id_3e3b403b; Type: INDEX; Schema: public; Owner: postgres
--

CREATE INDEX web_apoyo_unidades_id_procedimiento_id_3e3b403b ON public.web_apoyo_unidades USING btree (id_procedimiento_id);


--
-- Name: web_apoyo_unidades_id_tipo_apoyo_id_b2d99e50; Type: INDEX; Schema: public; Owner: postgres
--

CREATE INDEX web_apoyo_unidades_id_tipo_apoyo_id_b2d99e50 ON public.web_apoyo_unidades USING btree (id_tipo_apoyo_id);


--
-- Name: web_artificios_pirotecnicos_id_procedimiento_id_ee1affe4; Type: INDEX; Schema: public; Owner: postgres
--

CREATE INDEX web_artificios_pirotecnicos_id_procedimiento_id_ee1affe4 ON public.web_artificios_pirotecnicos USING btree (id_procedimiento_id);


--
-- Name: web_artificios_pirotecnicos_tipo_procedimiento_id_eef296d4; Type: INDEX; Schema: public; Owner: postgres
--

CREATE INDEX web_artificios_pirotecnicos_tipo_procedimiento_id_eef296d4 ON public.web_artificios_pirotecnicos USING btree (tipo_procedimiento_id);


--
-- Name: web_asesoramiento_id_procedimiento_id_5523ad90; Type: INDEX; Schema: public; Owner: postgres
--

CREATE INDEX web_asesoramiento_id_procedimiento_id_5523ad90 ON public.web_asesoramiento USING btree (id_procedimiento_id);


--
-- Name: web_atenciones_paramedicas_id_procedimientos_id_8ad0b9a6; Type: INDEX; Schema: public; Owner: postgres
--

CREATE INDEX web_atenciones_paramedicas_id_procedimientos_id_8ad0b9a6 ON public.web_atenciones_paramedicas USING btree (id_procedimientos_id);


--
-- Name: web_atendido_no_efectuado_id_procedimiento_id_739e9a1f; Type: INDEX; Schema: public; Owner: postgres
--

CREATE INDEX web_atendido_no_efectuado_id_procedimiento_id_739e9a1f ON public.web_atendido_no_efectuado USING btree (id_procedimiento_id);


--
-- Name: web_despliegue_seguridad_id_procedimiento_id_f770adcc; Type: INDEX; Schema: public; Owner: postgres
--

CREATE INDEX web_despliegue_seguridad_id_procedimiento_id_f770adcc ON public.web_despliegue_seguridad USING btree (id_procedimiento_id);


--
-- Name: web_despliegue_seguridad_motivo_despliegue_id_610cff6b; Type: INDEX; Schema: public; Owner: postgres
--

CREATE INDEX web_despliegue_seguridad_motivo_despliegue_id_610cff6b ON public.web_despliegue_seguridad USING btree (motivo_despliegue_id);


--
-- Name: web_detalles_enfermeria_id_procedimientos_id_5009ff3e; Type: INDEX; Schema: public; Owner: postgres
--

CREATE INDEX web_detalles_enfermeria_id_procedimientos_id_5009ff3e ON public.web_detalles_enfermeria USING btree (id_procedimientos_id);


--
-- Name: web_detalles_vehiculos_accidente_id_vehiculo_id_a344fa66; Type: INDEX; Schema: public; Owner: postgres
--

CREATE INDEX web_detalles_vehiculos_accidente_id_vehiculo_id_a344fa66 ON public.web_detalles_vehiculos_accidente USING btree (id_vehiculo_id);


--
-- Name: web_detalles_vehiculos_art_id_vehiculo_id_e51d492c; Type: INDEX; Schema: public; Owner: postgres
--

CREATE INDEX web_detalles_vehiculos_art_id_vehiculo_id_e51d492c ON public.web_detalles_vehiculos_art USING btree (id_vehiculo_id);


--
-- Name: web_detalles_vehiculos_id_vehiculo_id_ec849bee; Type: INDEX; Schema: public; Owner: postgres
--

CREATE INDEX web_detalles_vehiculos_id_vehiculo_id_ec849bee ON public.web_detalles_vehiculos USING btree (id_vehiculo_id);


--
-- Name: web_emergencias_medicas_id_atencion_id_8541a66e; Type: INDEX; Schema: public; Owner: postgres
--

CREATE INDEX web_emergencias_medicas_id_atencion_id_8541a66e ON public.web_emergencias_medicas USING btree (id_atencion_id);


--
-- Name: web_evaluacion_riesgo_id_procedimientos_id_9526946e; Type: INDEX; Schema: public; Owner: postgres
--

CREATE INDEX web_evaluacion_riesgo_id_procedimientos_id_9526946e ON public.web_evaluacion_riesgo USING btree (id_procedimientos_id);


--
-- Name: web_evaluacion_riesgo_id_tipo_riesgo_id_bb1e7690; Type: INDEX; Schema: public; Owner: postgres
--

CREATE INDEX web_evaluacion_riesgo_id_tipo_riesgo_id_bb1e7690 ON public.web_evaluacion_riesgo USING btree (id_tipo_riesgo_id);


--
-- Name: web_fallecidos_art_id_procedimiento_id_6d69e474; Type: INDEX; Schema: public; Owner: postgres
--

CREATE INDEX web_fallecidos_art_id_procedimiento_id_6d69e474 ON public.web_fallecidos_art USING btree (id_procedimiento_id);


--
-- Name: web_fallecidos_id_procedimiento_id_424f9a4a; Type: INDEX; Schema: public; Owner: postgres
--

CREATE INDEX web_fallecidos_id_procedimiento_id_424f9a4a ON public.web_fallecidos USING btree (id_procedimiento_id);


--
-- Name: web_falsa_alarma_id_procedimiento_id_532dc522; Type: INDEX; Schema: public; Owner: postgres
--

CREATE INDEX web_falsa_alarma_id_procedimiento_id_532dc522 ON public.web_falsa_alarma USING btree (id_procedimiento_id);


--
-- Name: web_falsa_alarma_motivo_alarma_id_9c6d9bbc; Type: INDEX; Schema: public; Owner: postgres
--

CREATE INDEX web_falsa_alarma_motivo_alarma_id_9c6d9bbc ON public.web_falsa_alarma USING btree (motivo_alarma_id);


--
-- Name: web_guardia_prevencion_id_motivo_prevencion_id_84d52fc4; Type: INDEX; Schema: public; Owner: postgres
--

CREATE INDEX web_guardia_prevencion_id_motivo_prevencion_id_84d52fc4 ON public.web_guardia_prevencion USING btree (id_motivo_prevencion_id);


--
-- Name: web_guardia_prevencion_id_procedimiento_id_daa0f1fa; Type: INDEX; Schema: public; Owner: postgres
--

CREATE INDEX web_guardia_prevencion_id_procedimiento_id_daa0f1fa ON public.web_guardia_prevencion USING btree (id_procedimiento_id);


--
-- Name: web_incendios_art_id_procedimientos_id_52b44dbc; Type: INDEX; Schema: public; Owner: postgres
--

CREATE INDEX web_incendios_art_id_procedimientos_id_52b44dbc ON public.web_incendios_art USING btree (id_procedimientos_id);


--
-- Name: web_incendios_art_id_tipo_incendio_id_c911baa6; Type: INDEX; Schema: public; Owner: postgres
--

CREATE INDEX web_incendios_art_id_tipo_incendio_id_c911baa6 ON public.web_incendios_art USING btree (id_tipo_incendio_id);


--
-- Name: web_incendios_id_procedimientos_id_9438f2b5; Type: INDEX; Schema: public; Owner: postgres
--

CREATE INDEX web_incendios_id_procedimientos_id_9438f2b5 ON public.web_incendios USING btree (id_procedimientos_id);


--
-- Name: web_incendios_id_tipo_incendio_id_85f4b176; Type: INDEX; Schema: public; Owner: postgres
--

CREATE INDEX web_incendios_id_tipo_incendio_id_85f4b176 ON public.web_incendios USING btree (id_tipo_incendio_id);


--
-- Name: web_inspeccion_arbol_id_procedimientos_id_c37a436c; Type: INDEX; Schema: public; Owner: postgres
--

CREATE INDEX web_inspeccion_arbol_id_procedimientos_id_c37a436c ON public.web_inspeccion_arbol USING btree (id_procedimientos_id);


--
-- Name: web_inspeccion_establecimi_id_proc_artificio_id_5f27466e; Type: INDEX; Schema: public; Owner: postgres
--

CREATE INDEX web_inspeccion_establecimi_id_proc_artificio_id_5f27466e ON public.web_inspeccion_establecimiento_art USING btree (id_proc_artificio_id);


--
-- Name: web_inspeccion_habitabilidad_id_procedimientos_id_c21ba004; Type: INDEX; Schema: public; Owner: postgres
--

CREATE INDEX web_inspeccion_habitabilidad_id_procedimientos_id_c21ba004 ON public.web_inspeccion_habitabilidad USING btree (id_procedimientos_id);


--
-- Name: web_inspeccion_otros_id_procedimientos_id_d89c722f; Type: INDEX; Schema: public; Owner: postgres
--

CREATE INDEX web_inspeccion_otros_id_procedimientos_id_d89c722f ON public.web_inspeccion_otros USING btree (id_procedimientos_id);


--
-- Name: web_inspeccion_prevencion__id_procedimientos_id_2761580d; Type: INDEX; Schema: public; Owner: postgres
--

CREATE INDEX web_inspeccion_prevencion__id_procedimientos_id_2761580d ON public.web_inspeccion_prevencion_asesorias_tecnicas USING btree (id_procedimientos_id);


--
-- Name: web_investigacion_comercio_id_investigacion_id_dbc93de3; Type: INDEX; Schema: public; Owner: postgres
--

CREATE INDEX web_investigacion_comercio_id_investigacion_id_dbc93de3 ON public.web_investigacion_comercio USING btree (id_investigacion_id);


--
-- Name: web_investigacion_estructu_id_investigacion_id_95f7a7e2; Type: INDEX; Schema: public; Owner: postgres
--

CREATE INDEX web_investigacion_estructu_id_investigacion_id_95f7a7e2 ON public.web_investigacion_estructura_vivienda USING btree (id_investigacion_id);


--
-- Name: web_investigacion_id_procedimientos_id_320a6ac4; Type: INDEX; Schema: public; Owner: postgres
--

CREATE INDEX web_investigacion_id_procedimientos_id_320a6ac4 ON public.web_investigacion USING btree (id_procedimientos_id);


--
-- Name: web_investigacion_id_tipo_investigacion_id_af284941; Type: INDEX; Schema: public; Owner: postgres
--

CREATE INDEX web_investigacion_id_tipo_investigacion_id_af284941 ON public.web_investigacion USING btree (id_tipo_investigacion_id);


--
-- Name: web_investigacion_vehiculo_id_investigacion_id_e9064349; Type: INDEX; Schema: public; Owner: postgres
--

CREATE INDEX web_investigacion_vehiculo_id_investigacion_id_e9064349 ON public.web_investigacion_vehiculo USING btree (id_investigacion_id);


--
-- Name: web_jornada_medica_id_procedimientos_id_958e3e8b; Type: INDEX; Schema: public; Owner: postgres
--

CREATE INDEX web_jornada_medica_id_procedimientos_id_958e3e8b ON public.web_jornada_medica USING btree (id_procedimientos_id);


--
-- Name: web_lesionados_art_id_accidente_id_281636be; Type: INDEX; Schema: public; Owner: postgres
--

CREATE INDEX web_lesionados_art_id_accidente_id_281636be ON public.web_lesionados_art USING btree (id_accidente_id);


--
-- Name: web_lesionados_id_accidente_id_9f73046f; Type: INDEX; Schema: public; Owner: postgres
--

CREATE INDEX web_lesionados_id_accidente_id_9f73046f ON public.web_lesionados USING btree (id_accidente_id);


--
-- Name: web_mitigacion_riesgos_id_procedimientos_id_d72f1bbd; Type: INDEX; Schema: public; Owner: postgres
--

CREATE INDEX web_mitigacion_riesgos_id_procedimientos_id_d72f1bbd ON public.web_mitigacion_riesgos USING btree (id_procedimientos_id);


--
-- Name: web_mitigacion_riesgos_id_tipo_servicio_id_d3f31b5b; Type: INDEX; Schema: public; Owner: postgres
--

CREATE INDEX web_mitigacion_riesgos_id_tipo_servicio_id_d3f31b5b ON public.web_mitigacion_riesgos USING btree (id_tipo_servicio_id);


--
-- Name: web_persona_presente_art_id_incendio_id_2c2686d2; Type: INDEX; Schema: public; Owner: postgres
--

CREATE INDEX web_persona_presente_art_id_incendio_id_2c2686d2 ON public.web_persona_presente_art USING btree (id_incendio_id);


--
-- Name: web_persona_presente_eval_id_persona_id_e0a43dd0; Type: INDEX; Schema: public; Owner: postgres
--

CREATE INDEX web_persona_presente_eval_id_persona_id_e0a43dd0 ON public.web_persona_presente_eval USING btree (id_persona_id);


--
-- Name: web_persona_presente_id_incendio_id_ed97ea11; Type: INDEX; Schema: public; Owner: postgres
--

CREATE INDEX web_persona_presente_id_incendio_id_ed97ea11 ON public.web_persona_presente USING btree (id_incendio_id);


--
-- Name: web_procedimientos_capacitacion_id_procedimientos_id_e533bfec; Type: INDEX; Schema: public; Owner: postgres
--

CREATE INDEX web_procedimientos_capacitacion_id_procedimientos_id_e533bfec ON public.web_procedimientos_capacitacion USING btree (id_procedimientos_id);


--
-- Name: web_procedimientos_frente__id_procedimientos_id_33694b4d; Type: INDEX; Schema: public; Owner: postgres
--

CREATE INDEX web_procedimientos_frente__id_procedimientos_id_33694b4d ON public.web_procedimientos_frente_preventivo USING btree (id_procedimientos_id);


--
-- Name: web_procedimientos_id_division_id_28b3df4f; Type: INDEX; Schema: public; Owner: postgres
--

CREATE INDEX web_procedimientos_id_division_id_28b3df4f ON public.web_procedimientos USING btree (id_division_id);


--
-- Name: web_procedimientos_id_jefe_comision_id_776a7abd; Type: INDEX; Schema: public; Owner: postgres
--

CREATE INDEX web_procedimientos_id_jefe_comision_id_776a7abd ON public.web_procedimientos USING btree (id_jefe_comision_id);


--
-- Name: web_procedimientos_id_municipio_id_a7ad909c; Type: INDEX; Schema: public; Owner: postgres
--

CREATE INDEX web_procedimientos_id_municipio_id_a7ad909c ON public.web_procedimientos USING btree (id_municipio_id);


--
-- Name: web_procedimientos_id_parroquia_id_b2dd9ace; Type: INDEX; Schema: public; Owner: postgres
--

CREATE INDEX web_procedimientos_id_parroquia_id_b2dd9ace ON public.web_procedimientos USING btree (id_parroquia_id);


--
-- Name: web_procedimientos_id_solicitante_id_85f320ad; Type: INDEX; Schema: public; Owner: postgres
--

CREATE INDEX web_procedimientos_id_solicitante_id_85f320ad ON public.web_procedimientos USING btree (id_solicitante_id);


--
-- Name: web_procedimientos_id_tipo_procedimiento_id_5e510a00; Type: INDEX; Schema: public; Owner: postgres
--

CREATE INDEX web_procedimientos_id_tipo_procedimiento_id_5e510a00 ON public.web_procedimientos USING btree (id_tipo_procedimiento_id);


--
-- Name: web_procedimientos_psicologia_id_procedimientos_id_e9d76648; Type: INDEX; Schema: public; Owner: postgres
--

CREATE INDEX web_procedimientos_psicologia_id_procedimientos_id_e9d76648 ON public.web_procedimientos_psicologia USING btree (id_procedimientos_id);


--
-- Name: web_procedimientos_unidad_id_05ad6bab; Type: INDEX; Schema: public; Owner: postgres
--

CREATE INDEX web_procedimientos_unidad_id_05ad6bab ON public.web_procedimientos USING btree (unidad_id);


--
-- Name: web_puesto_avanzada_id_procedimientos_id_aab48b1a; Type: INDEX; Schema: public; Owner: postgres
--

CREATE INDEX web_puesto_avanzada_id_procedimientos_id_aab48b1a ON public.web_puesto_avanzada USING btree (id_procedimientos_id);


--
-- Name: web_puesto_avanzada_id_tipo_servicio_id_a71aa943; Type: INDEX; Schema: public; Owner: postgres
--

CREATE INDEX web_puesto_avanzada_id_tipo_servicio_id_a71aa943 ON public.web_puesto_avanzada USING btree (id_tipo_servicio_id);


--
-- Name: web_reinspeccion_prevencion_id_procedimiento_id_b89e2bd7; Type: INDEX; Schema: public; Owner: postgres
--

CREATE INDEX web_reinspeccion_prevencion_id_procedimiento_id_b89e2bd7 ON public.web_reinspeccion_prevencion USING btree (id_procedimiento_id);


--
-- Name: web_rescate_animal_id_rescate_id_9e6860e2; Type: INDEX; Schema: public; Owner: postgres
--

CREATE INDEX web_rescate_animal_id_rescate_id_9e6860e2 ON public.web_rescate_animal USING btree (id_rescate_id);


--
-- Name: web_rescate_id_procedimientos_id_df484dbf; Type: INDEX; Schema: public; Owner: postgres
--

CREATE INDEX web_rescate_id_procedimientos_id_df484dbf ON public.web_rescate USING btree (id_procedimientos_id);


--
-- Name: web_rescate_persona_id_rescate_id_e5511e5f; Type: INDEX; Schema: public; Owner: postgres
--

CREATE INDEX web_rescate_persona_id_rescate_id_e5511e5f ON public.web_rescate_persona USING btree (id_rescate_id);


--
-- Name: web_rescate_tipo_rescate_id_b98fb7dc; Type: INDEX; Schema: public; Owner: postgres
--

CREATE INDEX web_rescate_tipo_rescate_id_b98fb7dc ON public.web_rescate USING btree (tipo_rescate_id);


--
-- Name: web_retencion_preventiva_id_procedimiento_id_d6cf6286; Type: INDEX; Schema: public; Owner: postgres
--

CREATE INDEX web_retencion_preventiva_id_procedimiento_id_d6cf6286 ON public.web_retencion_preventiva USING btree (id_procedimiento_id);


--
-- Name: web_servicios_especiales_id_procedimientos_id_db2ec31e; Type: INDEX; Schema: public; Owner: postgres
--

CREATE INDEX web_servicios_especiales_id_procedimientos_id_db2ec31e ON public.web_servicios_especiales USING btree (id_procedimientos_id);


--
-- Name: web_servicios_especiales_tipo_servicio_id_43dfe16d; Type: INDEX; Schema: public; Owner: postgres
--

CREATE INDEX web_servicios_especiales_tipo_servicio_id_43dfe16d ON public.web_servicios_especiales USING btree (tipo_servicio_id);


--
-- Name: web_traslado_accidente_id_lesionado_id_334778b1; Type: INDEX; Schema: public; Owner: postgres
--

CREATE INDEX web_traslado_accidente_id_lesionado_id_334778b1 ON public.web_traslado_accidente USING btree (id_lesionado_id);


--
-- Name: web_traslado_id_lesionado_id_6d3d8d15; Type: INDEX; Schema: public; Owner: postgres
--

CREATE INDEX web_traslado_id_lesionado_id_6d3d8d15 ON public.web_traslado USING btree (id_lesionado_id);


--
-- Name: web_traslado_prehospitalaria_id_procedimiento_id_55767541; Type: INDEX; Schema: public; Owner: postgres
--

CREATE INDEX web_traslado_prehospitalaria_id_procedimiento_id_55767541 ON public.web_traslado_prehospitalaria USING btree (id_procedimiento_id);


--
-- Name: web_traslado_prehospitalaria_id_tipo_traslado_id_338e2552; Type: INDEX; Schema: public; Owner: postgres
--

CREATE INDEX web_traslado_prehospitalaria_id_tipo_traslado_id_338e2552 ON public.web_traslado_prehospitalaria USING btree (id_tipo_traslado_id);


--
-- Name: web_usuarios_encargado_id_39a1bfb3; Type: INDEX; Schema: public; Owner: postgres
--

CREATE INDEX web_usuarios_encargado_id_39a1bfb3 ON public.web_usuarios USING btree (encargado_id);


--
-- Name: web_valoracion_medica_id_procedimientos_id_e192c3f0; Type: INDEX; Schema: public; Owner: postgres
--

CREATE INDEX web_valoracion_medica_id_procedimientos_id_e192c3f0 ON public.web_valoracion_medica USING btree (id_procedimientos_id);


--
-- Name: auth_group_permissions auth_group_permissio_permission_id_84c5c92e_fk_auth_perm; Type: FK CONSTRAINT; Schema: public; Owner: postgres
--

ALTER TABLE ONLY public.auth_group_permissions
    ADD CONSTRAINT auth_group_permissio_permission_id_84c5c92e_fk_auth_perm FOREIGN KEY (permission_id) REFERENCES public.auth_permission(id) DEFERRABLE INITIALLY DEFERRED;


--
-- Name: auth_group_permissions auth_group_permissions_group_id_b120cbf9_fk_auth_group_id; Type: FK CONSTRAINT; Schema: public; Owner: postgres
--

ALTER TABLE ONLY public.auth_group_permissions
    ADD CONSTRAINT auth_group_permissions_group_id_b120cbf9_fk_auth_group_id FOREIGN KEY (group_id) REFERENCES public.auth_group(id) DEFERRABLE INITIALLY DEFERRED;


--
-- Name: auth_permission auth_permission_content_type_id_2f476e4b_fk_django_co; Type: FK CONSTRAINT; Schema: public; Owner: postgres
--

ALTER TABLE ONLY public.auth_permission
    ADD CONSTRAINT auth_permission_content_type_id_2f476e4b_fk_django_co FOREIGN KEY (content_type_id) REFERENCES public.django_content_type(id) DEFERRABLE INITIALLY DEFERRED;


--
-- Name: auth_user_groups auth_user_groups_group_id_97559544_fk_auth_group_id; Type: FK CONSTRAINT; Schema: public; Owner: postgres
--

ALTER TABLE ONLY public.auth_user_groups
    ADD CONSTRAINT auth_user_groups_group_id_97559544_fk_auth_group_id FOREIGN KEY (group_id) REFERENCES public.auth_group(id) DEFERRABLE INITIALLY DEFERRED;


--
-- Name: auth_user_groups auth_user_groups_user_id_6a12ed8b_fk_auth_user_id; Type: FK CONSTRAINT; Schema: public; Owner: postgres
--

ALTER TABLE ONLY public.auth_user_groups
    ADD CONSTRAINT auth_user_groups_user_id_6a12ed8b_fk_auth_user_id FOREIGN KEY (user_id) REFERENCES public.auth_user(id) DEFERRABLE INITIALLY DEFERRED;


--
-- Name: auth_user_user_permissions auth_user_user_permi_permission_id_1fbb5f2c_fk_auth_perm; Type: FK CONSTRAINT; Schema: public; Owner: postgres
--

ALTER TABLE ONLY public.auth_user_user_permissions
    ADD CONSTRAINT auth_user_user_permi_permission_id_1fbb5f2c_fk_auth_perm FOREIGN KEY (permission_id) REFERENCES public.auth_permission(id) DEFERRABLE INITIALLY DEFERRED;


--
-- Name: auth_user_user_permissions auth_user_user_permissions_user_id_a95ead1b_fk_auth_user_id; Type: FK CONSTRAINT; Schema: public; Owner: postgres
--

ALTER TABLE ONLY public.auth_user_user_permissions
    ADD CONSTRAINT auth_user_user_permissions_user_id_a95ead1b_fk_auth_user_id FOREIGN KEY (user_id) REFERENCES public.auth_user(id) DEFERRABLE INITIALLY DEFERRED;


--
-- Name: django_admin_log django_admin_log_content_type_id_c4bce8eb_fk_django_co; Type: FK CONSTRAINT; Schema: public; Owner: postgres
--

ALTER TABLE ONLY public.django_admin_log
    ADD CONSTRAINT django_admin_log_content_type_id_c4bce8eb_fk_django_co FOREIGN KEY (content_type_id) REFERENCES public.django_content_type(id) DEFERRABLE INITIALLY DEFERRED;


--
-- Name: django_admin_log django_admin_log_user_id_c564eba6_fk_auth_user_id; Type: FK CONSTRAINT; Schema: public; Owner: postgres
--

ALTER TABLE ONLY public.django_admin_log
    ADD CONSTRAINT django_admin_log_user_id_c564eba6_fk_auth_user_id FOREIGN KEY (user_id) REFERENCES public.auth_user(id) DEFERRABLE INITIALLY DEFERRED;


--
-- Name: web_abastecimiento_agua web_abastecimiento_a_id_procedimiento_id_4181a062_fk_web_proce; Type: FK CONSTRAINT; Schema: public; Owner: postgres
--

ALTER TABLE ONLY public.web_abastecimiento_agua
    ADD CONSTRAINT web_abastecimiento_a_id_procedimiento_id_4181a062_fk_web_proce FOREIGN KEY (id_procedimiento_id) REFERENCES public.web_procedimientos(id) DEFERRABLE INITIALLY DEFERRED;


--
-- Name: web_abastecimiento_agua web_abastecimiento_a_id_tipo_servicio_id_025c2f48_fk_web_tipo_; Type: FK CONSTRAINT; Schema: public; Owner: postgres
--

ALTER TABLE ONLY public.web_abastecimiento_agua
    ADD CONSTRAINT web_abastecimiento_a_id_tipo_servicio_id_025c2f48_fk_web_tipo_ FOREIGN KEY (id_tipo_servicio_id) REFERENCES public.web_tipo_institucion(id) DEFERRABLE INITIALLY DEFERRED;


--
-- Name: web_accidentes_transito web_accidentes_trans_id_atencion_id_31a4bfb8_fk_web_atenc; Type: FK CONSTRAINT; Schema: public; Owner: postgres
--

ALTER TABLE ONLY public.web_accidentes_transito
    ADD CONSTRAINT web_accidentes_trans_id_atencion_id_31a4bfb8_fk_web_atenc FOREIGN KEY (id_atencion_id) REFERENCES public.web_atenciones_paramedicas(id) DEFERRABLE INITIALLY DEFERRED;


--
-- Name: web_accidentes_transito web_accidentes_trans_tipo_de_accidente_id_80fd2bad_fk_web_tipo_; Type: FK CONSTRAINT; Schema: public; Owner: postgres
--

ALTER TABLE ONLY public.web_accidentes_transito
    ADD CONSTRAINT web_accidentes_trans_tipo_de_accidente_id_80fd2bad_fk_web_tipo_ FOREIGN KEY (tipo_de_accidente_id) REFERENCES public.web_tipo_accidente(id) DEFERRABLE INITIALLY DEFERRED;


--
-- Name: web_apoyo_unidades web_apoyo_unidades_id_procedimiento_id_3e3b403b_fk_web_proce; Type: FK CONSTRAINT; Schema: public; Owner: postgres
--

ALTER TABLE ONLY public.web_apoyo_unidades
    ADD CONSTRAINT web_apoyo_unidades_id_procedimiento_id_3e3b403b_fk_web_proce FOREIGN KEY (id_procedimiento_id) REFERENCES public.web_procedimientos(id) DEFERRABLE INITIALLY DEFERRED;


--
-- Name: web_apoyo_unidades web_apoyo_unidades_id_tipo_apoyo_id_b2d99e50_fk_web_tipo_; Type: FK CONSTRAINT; Schema: public; Owner: postgres
--

ALTER TABLE ONLY public.web_apoyo_unidades
    ADD CONSTRAINT web_apoyo_unidades_id_tipo_apoyo_id_b2d99e50_fk_web_tipo_ FOREIGN KEY (id_tipo_apoyo_id) REFERENCES public.web_tipo_apoyo(id) DEFERRABLE INITIALLY DEFERRED;


--
-- Name: web_artificios_pirotecnicos web_artificios_pirot_id_procedimiento_id_ee1affe4_fk_web_proce; Type: FK CONSTRAINT; Schema: public; Owner: postgres
--

ALTER TABLE ONLY public.web_artificios_pirotecnicos
    ADD CONSTRAINT web_artificios_pirot_id_procedimiento_id_ee1affe4_fk_web_proce FOREIGN KEY (id_procedimiento_id) REFERENCES public.web_procedimientos(id) DEFERRABLE INITIALLY DEFERRED;


--
-- Name: web_artificios_pirotecnicos web_artificios_pirot_tipo_procedimiento_i_eef296d4_fk_web_tipos; Type: FK CONSTRAINT; Schema: public; Owner: postgres
--

ALTER TABLE ONLY public.web_artificios_pirotecnicos
    ADD CONSTRAINT web_artificios_pirot_tipo_procedimiento_i_eef296d4_fk_web_tipos FOREIGN KEY (tipo_procedimiento_id) REFERENCES public.web_tipos_artificios(id) DEFERRABLE INITIALLY DEFERRED;


--
-- Name: web_asesoramiento web_asesoramiento_id_procedimiento_id_5523ad90_fk_web_proce; Type: FK CONSTRAINT; Schema: public; Owner: postgres
--

ALTER TABLE ONLY public.web_asesoramiento
    ADD CONSTRAINT web_asesoramiento_id_procedimiento_id_5523ad90_fk_web_proce FOREIGN KEY (id_procedimiento_id) REFERENCES public.web_procedimientos(id) DEFERRABLE INITIALLY DEFERRED;


--
-- Name: web_atenciones_paramedicas web_atenciones_param_id_procedimientos_id_8ad0b9a6_fk_web_proce; Type: FK CONSTRAINT; Schema: public; Owner: postgres
--

ALTER TABLE ONLY public.web_atenciones_paramedicas
    ADD CONSTRAINT web_atenciones_param_id_procedimientos_id_8ad0b9a6_fk_web_proce FOREIGN KEY (id_procedimientos_id) REFERENCES public.web_procedimientos(id) DEFERRABLE INITIALLY DEFERRED;


--
-- Name: web_atendido_no_efectuado web_atendido_no_efec_id_procedimiento_id_739e9a1f_fk_web_proce; Type: FK CONSTRAINT; Schema: public; Owner: postgres
--

ALTER TABLE ONLY public.web_atendido_no_efectuado
    ADD CONSTRAINT web_atendido_no_efec_id_procedimiento_id_739e9a1f_fk_web_proce FOREIGN KEY (id_procedimiento_id) REFERENCES public.web_procedimientos(id) DEFERRABLE INITIALLY DEFERRED;


--
-- Name: web_despliegue_seguridad web_despliegue_segur_id_procedimiento_id_f770adcc_fk_web_proce; Type: FK CONSTRAINT; Schema: public; Owner: postgres
--

ALTER TABLE ONLY public.web_despliegue_seguridad
    ADD CONSTRAINT web_despliegue_segur_id_procedimiento_id_f770adcc_fk_web_proce FOREIGN KEY (id_procedimiento_id) REFERENCES public.web_procedimientos(id) DEFERRABLE INITIALLY DEFERRED;


--
-- Name: web_despliegue_seguridad web_despliegue_segur_motivo_despliegue_id_610cff6b_fk_web_motiv; Type: FK CONSTRAINT; Schema: public; Owner: postgres
--

ALTER TABLE ONLY public.web_despliegue_seguridad
    ADD CONSTRAINT web_despliegue_segur_motivo_despliegue_id_610cff6b_fk_web_motiv FOREIGN KEY (motivo_despliegue_id) REFERENCES public.web_motivo_despliegue(id) DEFERRABLE INITIALLY DEFERRED;


--
-- Name: web_detalles_enfermeria web_detalles_enferme_id_procedimientos_id_5009ff3e_fk_web_proce; Type: FK CONSTRAINT; Schema: public; Owner: postgres
--

ALTER TABLE ONLY public.web_detalles_enfermeria
    ADD CONSTRAINT web_detalles_enferme_id_procedimientos_id_5009ff3e_fk_web_proce FOREIGN KEY (id_procedimientos_id) REFERENCES public.web_procedimientos(id) DEFERRABLE INITIALLY DEFERRED;


--
-- Name: web_detalles_vehiculos_accidente web_detalles_vehicul_id_vehiculo_id_a344fa66_fk_web_accid; Type: FK CONSTRAINT; Schema: public; Owner: postgres
--

ALTER TABLE ONLY public.web_detalles_vehiculos_accidente
    ADD CONSTRAINT web_detalles_vehicul_id_vehiculo_id_a344fa66_fk_web_accid FOREIGN KEY (id_vehiculo_id) REFERENCES public.web_accidentes_transito(id) DEFERRABLE INITIALLY DEFERRED;


--
-- Name: web_detalles_vehiculos_art web_detalles_vehicul_id_vehiculo_id_e51d492c_fk_web_incen; Type: FK CONSTRAINT; Schema: public; Owner: postgres
--

ALTER TABLE ONLY public.web_detalles_vehiculos_art
    ADD CONSTRAINT web_detalles_vehicul_id_vehiculo_id_e51d492c_fk_web_incen FOREIGN KEY (id_vehiculo_id) REFERENCES public.web_incendios_art(id) DEFERRABLE INITIALLY DEFERRED;


--
-- Name: web_detalles_vehiculos web_detalles_vehicul_id_vehiculo_id_ec849bee_fk_web_incen; Type: FK CONSTRAINT; Schema: public; Owner: postgres
--

ALTER TABLE ONLY public.web_detalles_vehiculos
    ADD CONSTRAINT web_detalles_vehicul_id_vehiculo_id_ec849bee_fk_web_incen FOREIGN KEY (id_vehiculo_id) REFERENCES public.web_incendios(id) DEFERRABLE INITIALLY DEFERRED;


--
-- Name: web_emergencias_medicas web_emergencias_medi_id_atencion_id_8541a66e_fk_web_atenc; Type: FK CONSTRAINT; Schema: public; Owner: postgres
--

ALTER TABLE ONLY public.web_emergencias_medicas
    ADD CONSTRAINT web_emergencias_medi_id_atencion_id_8541a66e_fk_web_atenc FOREIGN KEY (id_atencion_id) REFERENCES public.web_atenciones_paramedicas(id) DEFERRABLE INITIALLY DEFERRED;


--
-- Name: web_evaluacion_riesgo web_evaluacion_riesg_id_procedimientos_id_9526946e_fk_web_proce; Type: FK CONSTRAINT; Schema: public; Owner: postgres
--

ALTER TABLE ONLY public.web_evaluacion_riesgo
    ADD CONSTRAINT web_evaluacion_riesg_id_procedimientos_id_9526946e_fk_web_proce FOREIGN KEY (id_procedimientos_id) REFERENCES public.web_procedimientos(id) DEFERRABLE INITIALLY DEFERRED;


--
-- Name: web_evaluacion_riesgo web_evaluacion_riesg_id_tipo_riesgo_id_bb1e7690_fk_web_motiv; Type: FK CONSTRAINT; Schema: public; Owner: postgres
--

ALTER TABLE ONLY public.web_evaluacion_riesgo
    ADD CONSTRAINT web_evaluacion_riesg_id_tipo_riesgo_id_bb1e7690_fk_web_motiv FOREIGN KEY (id_tipo_riesgo_id) REFERENCES public.web_motivo_riesgo(id) DEFERRABLE INITIALLY DEFERRED;


--
-- Name: web_fallecidos_art web_fallecidos_art_id_procedimiento_id_6d69e474_fk_web_artif; Type: FK CONSTRAINT; Schema: public; Owner: postgres
--

ALTER TABLE ONLY public.web_fallecidos_art
    ADD CONSTRAINT web_fallecidos_art_id_procedimiento_id_6d69e474_fk_web_artif FOREIGN KEY (id_procedimiento_id) REFERENCES public.web_artificios_pirotecnicos(id) DEFERRABLE INITIALLY DEFERRED;


--
-- Name: web_fallecidos web_fallecidos_id_procedimiento_id_424f9a4a_fk_web_proce; Type: FK CONSTRAINT; Schema: public; Owner: postgres
--

ALTER TABLE ONLY public.web_fallecidos
    ADD CONSTRAINT web_fallecidos_id_procedimiento_id_424f9a4a_fk_web_proce FOREIGN KEY (id_procedimiento_id) REFERENCES public.web_procedimientos(id) DEFERRABLE INITIALLY DEFERRED;


--
-- Name: web_falsa_alarma web_falsa_alarma_id_procedimiento_id_532dc522_fk_web_proce; Type: FK CONSTRAINT; Schema: public; Owner: postgres
--

ALTER TABLE ONLY public.web_falsa_alarma
    ADD CONSTRAINT web_falsa_alarma_id_procedimiento_id_532dc522_fk_web_proce FOREIGN KEY (id_procedimiento_id) REFERENCES public.web_procedimientos(id) DEFERRABLE INITIALLY DEFERRED;


--
-- Name: web_falsa_alarma web_falsa_alarma_motivo_alarma_id_9c6d9bbc_fk_web_motiv; Type: FK CONSTRAINT; Schema: public; Owner: postgres
--

ALTER TABLE ONLY public.web_falsa_alarma
    ADD CONSTRAINT web_falsa_alarma_motivo_alarma_id_9c6d9bbc_fk_web_motiv FOREIGN KEY (motivo_alarma_id) REFERENCES public.web_motivo_alarma(id) DEFERRABLE INITIALLY DEFERRED;


--
-- Name: web_guardia_prevencion web_guardia_prevenci_id_motivo_prevencion_84d52fc4_fk_web_motiv; Type: FK CONSTRAINT; Schema: public; Owner: postgres
--

ALTER TABLE ONLY public.web_guardia_prevencion
    ADD CONSTRAINT web_guardia_prevenci_id_motivo_prevencion_84d52fc4_fk_web_motiv FOREIGN KEY (id_motivo_prevencion_id) REFERENCES public.web_motivo_prevencion(id) DEFERRABLE INITIALLY DEFERRED;


--
-- Name: web_guardia_prevencion web_guardia_prevenci_id_procedimiento_id_daa0f1fa_fk_web_proce; Type: FK CONSTRAINT; Schema: public; Owner: postgres
--

ALTER TABLE ONLY public.web_guardia_prevencion
    ADD CONSTRAINT web_guardia_prevenci_id_procedimiento_id_daa0f1fa_fk_web_proce FOREIGN KEY (id_procedimiento_id) REFERENCES public.web_procedimientos(id) DEFERRABLE INITIALLY DEFERRED;


--
-- Name: web_incendios_art web_incendios_art_id_procedimientos_id_52b44dbc_fk_web_artif; Type: FK CONSTRAINT; Schema: public; Owner: postgres
--

ALTER TABLE ONLY public.web_incendios_art
    ADD CONSTRAINT web_incendios_art_id_procedimientos_id_52b44dbc_fk_web_artif FOREIGN KEY (id_procedimientos_id) REFERENCES public.web_artificios_pirotecnicos(id) DEFERRABLE INITIALLY DEFERRED;


--
-- Name: web_incendios_art web_incendios_art_id_tipo_incendio_id_c911baa6_fk_web_tipo_; Type: FK CONSTRAINT; Schema: public; Owner: postgres
--

ALTER TABLE ONLY public.web_incendios_art
    ADD CONSTRAINT web_incendios_art_id_tipo_incendio_id_c911baa6_fk_web_tipo_ FOREIGN KEY (id_tipo_incendio_id) REFERENCES public.web_tipo_incendio(id) DEFERRABLE INITIALLY DEFERRED;


--
-- Name: web_incendios web_incendios_id_procedimientos_id_9438f2b5_fk_web_proce; Type: FK CONSTRAINT; Schema: public; Owner: postgres
--

ALTER TABLE ONLY public.web_incendios
    ADD CONSTRAINT web_incendios_id_procedimientos_id_9438f2b5_fk_web_proce FOREIGN KEY (id_procedimientos_id) REFERENCES public.web_procedimientos(id) DEFERRABLE INITIALLY DEFERRED;


--
-- Name: web_incendios web_incendios_id_tipo_incendio_id_85f4b176_fk_web_tipo_; Type: FK CONSTRAINT; Schema: public; Owner: postgres
--

ALTER TABLE ONLY public.web_incendios
    ADD CONSTRAINT web_incendios_id_tipo_incendio_id_85f4b176_fk_web_tipo_ FOREIGN KEY (id_tipo_incendio_id) REFERENCES public.web_tipo_incendio(id) DEFERRABLE INITIALLY DEFERRED;


--
-- Name: web_inspeccion_arbol web_inspeccion_arbol_id_procedimientos_id_c37a436c_fk_web_proce; Type: FK CONSTRAINT; Schema: public; Owner: postgres
--

ALTER TABLE ONLY public.web_inspeccion_arbol
    ADD CONSTRAINT web_inspeccion_arbol_id_procedimientos_id_c37a436c_fk_web_proce FOREIGN KEY (id_procedimientos_id) REFERENCES public.web_procedimientos(id) DEFERRABLE INITIALLY DEFERRED;


--
-- Name: web_inspeccion_establecimiento_art web_inspeccion_estab_id_proc_artificio_id_5f27466e_fk_web_proce; Type: FK CONSTRAINT; Schema: public; Owner: postgres
--

ALTER TABLE ONLY public.web_inspeccion_establecimiento_art
    ADD CONSTRAINT web_inspeccion_estab_id_proc_artificio_id_5f27466e_fk_web_proce FOREIGN KEY (id_proc_artificio_id) REFERENCES public.web_procedimientos(id) DEFERRABLE INITIALLY DEFERRED;


--
-- Name: web_inspeccion_habitabilidad web_inspeccion_habit_id_procedimientos_id_c21ba004_fk_web_proce; Type: FK CONSTRAINT; Schema: public; Owner: postgres
--

ALTER TABLE ONLY public.web_inspeccion_habitabilidad
    ADD CONSTRAINT web_inspeccion_habit_id_procedimientos_id_c21ba004_fk_web_proce FOREIGN KEY (id_procedimientos_id) REFERENCES public.web_procedimientos(id) DEFERRABLE INITIALLY DEFERRED;


--
-- Name: web_inspeccion_otros web_inspeccion_otros_id_procedimientos_id_d89c722f_fk_web_proce; Type: FK CONSTRAINT; Schema: public; Owner: postgres
--

ALTER TABLE ONLY public.web_inspeccion_otros
    ADD CONSTRAINT web_inspeccion_otros_id_procedimientos_id_d89c722f_fk_web_proce FOREIGN KEY (id_procedimientos_id) REFERENCES public.web_procedimientos(id) DEFERRABLE INITIALLY DEFERRED;


--
-- Name: web_inspeccion_prevencion_asesorias_tecnicas web_inspeccion_preve_id_procedimientos_id_2761580d_fk_web_proce; Type: FK CONSTRAINT; Schema: public; Owner: postgres
--

ALTER TABLE ONLY public.web_inspeccion_prevencion_asesorias_tecnicas
    ADD CONSTRAINT web_inspeccion_preve_id_procedimientos_id_2761580d_fk_web_proce FOREIGN KEY (id_procedimientos_id) REFERENCES public.web_procedimientos(id) DEFERRABLE INITIALLY DEFERRED;


--
-- Name: web_investigacion_comercio web_investigacion_co_id_investigacion_id_dbc93de3_fk_web_inves; Type: FK CONSTRAINT; Schema: public; Owner: postgres
--

ALTER TABLE ONLY public.web_investigacion_comercio
    ADD CONSTRAINT web_investigacion_co_id_investigacion_id_dbc93de3_fk_web_inves FOREIGN KEY (id_investigacion_id) REFERENCES public.web_investigacion(id) DEFERRABLE INITIALLY DEFERRED;


--
-- Name: web_investigacion_estructura_vivienda web_investigacion_es_id_investigacion_id_95f7a7e2_fk_web_inves; Type: FK CONSTRAINT; Schema: public; Owner: postgres
--

ALTER TABLE ONLY public.web_investigacion_estructura_vivienda
    ADD CONSTRAINT web_investigacion_es_id_investigacion_id_95f7a7e2_fk_web_inves FOREIGN KEY (id_investigacion_id) REFERENCES public.web_investigacion(id) DEFERRABLE INITIALLY DEFERRED;


--
-- Name: web_investigacion web_investigacion_id_procedimientos_id_320a6ac4_fk_web_proce; Type: FK CONSTRAINT; Schema: public; Owner: postgres
--

ALTER TABLE ONLY public.web_investigacion
    ADD CONSTRAINT web_investigacion_id_procedimientos_id_320a6ac4_fk_web_proce FOREIGN KEY (id_procedimientos_id) REFERENCES public.web_procedimientos(id) DEFERRABLE INITIALLY DEFERRED;


--
-- Name: web_investigacion web_investigacion_id_tipo_investigacio_af284941_fk_web_tipos; Type: FK CONSTRAINT; Schema: public; Owner: postgres
--

ALTER TABLE ONLY public.web_investigacion
    ADD CONSTRAINT web_investigacion_id_tipo_investigacio_af284941_fk_web_tipos FOREIGN KEY (id_tipo_investigacion_id) REFERENCES public.web_tipos_investigacion(id) DEFERRABLE INITIALLY DEFERRED;


--
-- Name: web_investigacion_vehiculo web_investigacion_ve_id_investigacion_id_e9064349_fk_web_inves; Type: FK CONSTRAINT; Schema: public; Owner: postgres
--

ALTER TABLE ONLY public.web_investigacion_vehiculo
    ADD CONSTRAINT web_investigacion_ve_id_investigacion_id_e9064349_fk_web_inves FOREIGN KEY (id_investigacion_id) REFERENCES public.web_investigacion(id) DEFERRABLE INITIALLY DEFERRED;


--
-- Name: web_jornada_medica web_jornada_medica_id_procedimientos_id_958e3e8b_fk_web_proce; Type: FK CONSTRAINT; Schema: public; Owner: postgres
--

ALTER TABLE ONLY public.web_jornada_medica
    ADD CONSTRAINT web_jornada_medica_id_procedimientos_id_958e3e8b_fk_web_proce FOREIGN KEY (id_procedimientos_id) REFERENCES public.web_procedimientos(id) DEFERRABLE INITIALLY DEFERRED;


--
-- Name: web_lesionados_art web_lesionados_art_id_accidente_id_281636be_fk_web_artif; Type: FK CONSTRAINT; Schema: public; Owner: postgres
--

ALTER TABLE ONLY public.web_lesionados_art
    ADD CONSTRAINT web_lesionados_art_id_accidente_id_281636be_fk_web_artif FOREIGN KEY (id_accidente_id) REFERENCES public.web_artificios_pirotecnicos(id) DEFERRABLE INITIALLY DEFERRED;


--
-- Name: web_lesionados web_lesionados_id_accidente_id_9f73046f_fk_web_accid; Type: FK CONSTRAINT; Schema: public; Owner: postgres
--

ALTER TABLE ONLY public.web_lesionados
    ADD CONSTRAINT web_lesionados_id_accidente_id_9f73046f_fk_web_accid FOREIGN KEY (id_accidente_id) REFERENCES public.web_accidentes_transito(id) DEFERRABLE INITIALLY DEFERRED;


--
-- Name: web_mitigacion_riesgos web_mitigacion_riesg_id_procedimientos_id_d72f1bbd_fk_web_proce; Type: FK CONSTRAINT; Schema: public; Owner: postgres
--

ALTER TABLE ONLY public.web_mitigacion_riesgos
    ADD CONSTRAINT web_mitigacion_riesg_id_procedimientos_id_d72f1bbd_fk_web_proce FOREIGN KEY (id_procedimientos_id) REFERENCES public.web_procedimientos(id) DEFERRABLE INITIALLY DEFERRED;


--
-- Name: web_mitigacion_riesgos web_mitigacion_riesg_id_tipo_servicio_id_d3f31b5b_fk_web_mitig; Type: FK CONSTRAINT; Schema: public; Owner: postgres
--

ALTER TABLE ONLY public.web_mitigacion_riesgos
    ADD CONSTRAINT web_mitigacion_riesg_id_tipo_servicio_id_d3f31b5b_fk_web_mitig FOREIGN KEY (id_tipo_servicio_id) REFERENCES public.web_mitigacion_riesgo(id) DEFERRABLE INITIALLY DEFERRED;


--
-- Name: web_persona_presente_art web_persona_presente_id_incendio_id_2c2686d2_fk_web_incen; Type: FK CONSTRAINT; Schema: public; Owner: postgres
--

ALTER TABLE ONLY public.web_persona_presente_art
    ADD CONSTRAINT web_persona_presente_id_incendio_id_2c2686d2_fk_web_incen FOREIGN KEY (id_incendio_id) REFERENCES public.web_incendios_art(id) DEFERRABLE INITIALLY DEFERRED;


--
-- Name: web_persona_presente web_persona_presente_id_incendio_id_ed97ea11_fk_web_incen; Type: FK CONSTRAINT; Schema: public; Owner: postgres
--

ALTER TABLE ONLY public.web_persona_presente
    ADD CONSTRAINT web_persona_presente_id_incendio_id_ed97ea11_fk_web_incen FOREIGN KEY (id_incendio_id) REFERENCES public.web_incendios(id) DEFERRABLE INITIALLY DEFERRED;


--
-- Name: web_persona_presente_eval web_persona_presente_id_persona_id_e0a43dd0_fk_web_evalu; Type: FK CONSTRAINT; Schema: public; Owner: postgres
--

ALTER TABLE ONLY public.web_persona_presente_eval
    ADD CONSTRAINT web_persona_presente_id_persona_id_e0a43dd0_fk_web_evalu FOREIGN KEY (id_persona_id) REFERENCES public.web_evaluacion_riesgo(id) DEFERRABLE INITIALLY DEFERRED;


--
-- Name: web_procedimientos_capacitacion web_procedimientos_c_id_procedimientos_id_e533bfec_fk_web_proce; Type: FK CONSTRAINT; Schema: public; Owner: postgres
--

ALTER TABLE ONLY public.web_procedimientos_capacitacion
    ADD CONSTRAINT web_procedimientos_c_id_procedimientos_id_e533bfec_fk_web_proce FOREIGN KEY (id_procedimientos_id) REFERENCES public.web_procedimientos(id) DEFERRABLE INITIALLY DEFERRED;


--
-- Name: web_procedimientos_frente_preventivo web_procedimientos_f_id_procedimientos_id_33694b4d_fk_web_proce; Type: FK CONSTRAINT; Schema: public; Owner: postgres
--

ALTER TABLE ONLY public.web_procedimientos_frente_preventivo
    ADD CONSTRAINT web_procedimientos_f_id_procedimientos_id_33694b4d_fk_web_proce FOREIGN KEY (id_procedimientos_id) REFERENCES public.web_procedimientos(id) DEFERRABLE INITIALLY DEFERRED;


--
-- Name: web_procedimientos web_procedimientos_id_division_id_28b3df4f_fk_web_divisiones_id; Type: FK CONSTRAINT; Schema: public; Owner: postgres
--

ALTER TABLE ONLY public.web_procedimientos
    ADD CONSTRAINT web_procedimientos_id_division_id_28b3df4f_fk_web_divisiones_id FOREIGN KEY (id_division_id) REFERENCES public.web_divisiones(id) DEFERRABLE INITIALLY DEFERRED;


--
-- Name: web_procedimientos web_procedimientos_id_jefe_comision_id_776a7abd_fk_web_perso; Type: FK CONSTRAINT; Schema: public; Owner: postgres
--

ALTER TABLE ONLY public.web_procedimientos
    ADD CONSTRAINT web_procedimientos_id_jefe_comision_id_776a7abd_fk_web_perso FOREIGN KEY (id_jefe_comision_id) REFERENCES public.web_personal(id) DEFERRABLE INITIALLY DEFERRED;


--
-- Name: web_procedimientos web_procedimientos_id_municipio_id_a7ad909c_fk_web_munic; Type: FK CONSTRAINT; Schema: public; Owner: postgres
--

ALTER TABLE ONLY public.web_procedimientos
    ADD CONSTRAINT web_procedimientos_id_municipio_id_a7ad909c_fk_web_munic FOREIGN KEY (id_municipio_id) REFERENCES public.web_municipios(id) DEFERRABLE INITIALLY DEFERRED;


--
-- Name: web_procedimientos web_procedimientos_id_parroquia_id_b2dd9ace_fk_web_parro; Type: FK CONSTRAINT; Schema: public; Owner: postgres
--

ALTER TABLE ONLY public.web_procedimientos
    ADD CONSTRAINT web_procedimientos_id_parroquia_id_b2dd9ace_fk_web_parro FOREIGN KEY (id_parroquia_id) REFERENCES public.web_parroquias(id) DEFERRABLE INITIALLY DEFERRED;


--
-- Name: web_procedimientos web_procedimientos_id_solicitante_id_85f320ad_fk_web_perso; Type: FK CONSTRAINT; Schema: public; Owner: postgres
--

ALTER TABLE ONLY public.web_procedimientos
    ADD CONSTRAINT web_procedimientos_id_solicitante_id_85f320ad_fk_web_perso FOREIGN KEY (id_solicitante_id) REFERENCES public.web_personal(id) DEFERRABLE INITIALLY DEFERRED;


--
-- Name: web_procedimientos web_procedimientos_id_tipo_procedimient_5e510a00_fk_web_tipos; Type: FK CONSTRAINT; Schema: public; Owner: postgres
--

ALTER TABLE ONLY public.web_procedimientos
    ADD CONSTRAINT web_procedimientos_id_tipo_procedimient_5e510a00_fk_web_tipos FOREIGN KEY (id_tipo_procedimiento_id) REFERENCES public.web_tipos_procedimientos(id) DEFERRABLE INITIALLY DEFERRED;


--
-- Name: web_procedimientos_psicologia web_procedimientos_p_id_procedimientos_id_e9d76648_fk_web_proce; Type: FK CONSTRAINT; Schema: public; Owner: postgres
--

ALTER TABLE ONLY public.web_procedimientos_psicologia
    ADD CONSTRAINT web_procedimientos_p_id_procedimientos_id_e9d76648_fk_web_proce FOREIGN KEY (id_procedimientos_id) REFERENCES public.web_procedimientos(id) DEFERRABLE INITIALLY DEFERRED;


--
-- Name: web_procedimientos web_procedimientos_unidad_id_05ad6bab_fk_web_unidades_id; Type: FK CONSTRAINT; Schema: public; Owner: postgres
--

ALTER TABLE ONLY public.web_procedimientos
    ADD CONSTRAINT web_procedimientos_unidad_id_05ad6bab_fk_web_unidades_id FOREIGN KEY (unidad_id) REFERENCES public.web_unidades(id) DEFERRABLE INITIALLY DEFERRED;


--
-- Name: web_puesto_avanzada web_puesto_avanzada_id_procedimientos_id_aab48b1a_fk_web_proce; Type: FK CONSTRAINT; Schema: public; Owner: postgres
--

ALTER TABLE ONLY public.web_puesto_avanzada
    ADD CONSTRAINT web_puesto_avanzada_id_procedimientos_id_aab48b1a_fk_web_proce FOREIGN KEY (id_procedimientos_id) REFERENCES public.web_procedimientos(id) DEFERRABLE INITIALLY DEFERRED;


--
-- Name: web_puesto_avanzada web_puesto_avanzada_id_tipo_servicio_id_a71aa943_fk_web_motiv; Type: FK CONSTRAINT; Schema: public; Owner: postgres
--

ALTER TABLE ONLY public.web_puesto_avanzada
    ADD CONSTRAINT web_puesto_avanzada_id_tipo_servicio_id_a71aa943_fk_web_motiv FOREIGN KEY (id_tipo_servicio_id) REFERENCES public.web_motivo_avanzada(id) DEFERRABLE INITIALLY DEFERRED;


--
-- Name: web_reinspeccion_prevencion web_reinspeccion_pre_id_procedimiento_id_b89e2bd7_fk_web_proce; Type: FK CONSTRAINT; Schema: public; Owner: postgres
--

ALTER TABLE ONLY public.web_reinspeccion_prevencion
    ADD CONSTRAINT web_reinspeccion_pre_id_procedimiento_id_b89e2bd7_fk_web_proce FOREIGN KEY (id_procedimiento_id) REFERENCES public.web_procedimientos(id) DEFERRABLE INITIALLY DEFERRED;


--
-- Name: web_rescate_animal web_rescate_animal_id_rescate_id_9e6860e2_fk_web_rescate_id; Type: FK CONSTRAINT; Schema: public; Owner: postgres
--

ALTER TABLE ONLY public.web_rescate_animal
    ADD CONSTRAINT web_rescate_animal_id_rescate_id_9e6860e2_fk_web_rescate_id FOREIGN KEY (id_rescate_id) REFERENCES public.web_rescate(id) DEFERRABLE INITIALLY DEFERRED;


--
-- Name: web_rescate web_rescate_id_procedimientos_id_df484dbf_fk_web_proce; Type: FK CONSTRAINT; Schema: public; Owner: postgres
--

ALTER TABLE ONLY public.web_rescate
    ADD CONSTRAINT web_rescate_id_procedimientos_id_df484dbf_fk_web_proce FOREIGN KEY (id_procedimientos_id) REFERENCES public.web_procedimientos(id) DEFERRABLE INITIALLY DEFERRED;


--
-- Name: web_rescate_persona web_rescate_persona_id_rescate_id_e5511e5f_fk_web_rescate_id; Type: FK CONSTRAINT; Schema: public; Owner: postgres
--

ALTER TABLE ONLY public.web_rescate_persona
    ADD CONSTRAINT web_rescate_persona_id_rescate_id_e5511e5f_fk_web_rescate_id FOREIGN KEY (id_rescate_id) REFERENCES public.web_rescate(id) DEFERRABLE INITIALLY DEFERRED;


--
-- Name: web_rescate web_rescate_tipo_rescate_id_b98fb7dc_fk_web_tipo_rescate_id; Type: FK CONSTRAINT; Schema: public; Owner: postgres
--

ALTER TABLE ONLY public.web_rescate
    ADD CONSTRAINT web_rescate_tipo_rescate_id_b98fb7dc_fk_web_tipo_rescate_id FOREIGN KEY (tipo_rescate_id) REFERENCES public.web_tipo_rescate(id) DEFERRABLE INITIALLY DEFERRED;


--
-- Name: web_retencion_preventiva web_retencion_preven_id_procedimiento_id_d6cf6286_fk_web_proce; Type: FK CONSTRAINT; Schema: public; Owner: postgres
--

ALTER TABLE ONLY public.web_retencion_preventiva
    ADD CONSTRAINT web_retencion_preven_id_procedimiento_id_d6cf6286_fk_web_proce FOREIGN KEY (id_procedimiento_id) REFERENCES public.web_procedimientos(id) DEFERRABLE INITIALLY DEFERRED;


--
-- Name: web_servicios_especiales web_servicios_especi_id_procedimientos_id_db2ec31e_fk_web_proce; Type: FK CONSTRAINT; Schema: public; Owner: postgres
--

ALTER TABLE ONLY public.web_servicios_especiales
    ADD CONSTRAINT web_servicios_especi_id_procedimientos_id_db2ec31e_fk_web_proce FOREIGN KEY (id_procedimientos_id) REFERENCES public.web_procedimientos(id) DEFERRABLE INITIALLY DEFERRED;


--
-- Name: web_servicios_especiales web_servicios_especi_tipo_servicio_id_43dfe16d_fk_web_tipo_; Type: FK CONSTRAINT; Schema: public; Owner: postgres
--

ALTER TABLE ONLY public.web_servicios_especiales
    ADD CONSTRAINT web_servicios_especi_tipo_servicio_id_43dfe16d_fk_web_tipo_ FOREIGN KEY (tipo_servicio_id) REFERENCES public.web_tipo_servicios(id) DEFERRABLE INITIALLY DEFERRED;


--
-- Name: web_traslado_accidente web_traslado_acciden_id_lesionado_id_334778b1_fk_web_lesio; Type: FK CONSTRAINT; Schema: public; Owner: postgres
--

ALTER TABLE ONLY public.web_traslado_accidente
    ADD CONSTRAINT web_traslado_acciden_id_lesionado_id_334778b1_fk_web_lesio FOREIGN KEY (id_lesionado_id) REFERENCES public.web_lesionados(id) DEFERRABLE INITIALLY DEFERRED;


--
-- Name: web_traslado web_traslado_id_lesionado_id_6d3d8d15_fk_web_emerg; Type: FK CONSTRAINT; Schema: public; Owner: postgres
--

ALTER TABLE ONLY public.web_traslado
    ADD CONSTRAINT web_traslado_id_lesionado_id_6d3d8d15_fk_web_emerg FOREIGN KEY (id_lesionado_id) REFERENCES public.web_emergencias_medicas(id) DEFERRABLE INITIALLY DEFERRED;


--
-- Name: web_traslado_prehospitalaria web_traslado_prehosp_id_procedimiento_id_55767541_fk_web_proce; Type: FK CONSTRAINT; Schema: public; Owner: postgres
--

ALTER TABLE ONLY public.web_traslado_prehospitalaria
    ADD CONSTRAINT web_traslado_prehosp_id_procedimiento_id_55767541_fk_web_proce FOREIGN KEY (id_procedimiento_id) REFERENCES public.web_procedimientos(id) DEFERRABLE INITIALLY DEFERRED;


--
-- Name: web_traslado_prehospitalaria web_traslado_prehosp_id_tipo_traslado_id_338e2552_fk_web_tipos; Type: FK CONSTRAINT; Schema: public; Owner: postgres
--

ALTER TABLE ONLY public.web_traslado_prehospitalaria
    ADD CONSTRAINT web_traslado_prehosp_id_tipo_traslado_id_338e2552_fk_web_tipos FOREIGN KEY (id_tipo_traslado_id) REFERENCES public.web_tipos_traslado(id) DEFERRABLE INITIALLY DEFERRED;


--
-- Name: web_usuarios web_usuarios_encargado_id_39a1bfb3_fk_web_personal_id; Type: FK CONSTRAINT; Schema: public; Owner: postgres
--

ALTER TABLE ONLY public.web_usuarios
    ADD CONSTRAINT web_usuarios_encargado_id_39a1bfb3_fk_web_personal_id FOREIGN KEY (encargado_id) REFERENCES public.web_personal(id) DEFERRABLE INITIALLY DEFERRED;


--
-- Name: web_valoracion_medica web_valoracion_medic_id_procedimientos_id_e192c3f0_fk_web_proce; Type: FK CONSTRAINT; Schema: public; Owner: postgres
--

ALTER TABLE ONLY public.web_valoracion_medica
    ADD CONSTRAINT web_valoracion_medic_id_procedimientos_id_e192c3f0_fk_web_proce FOREIGN KEY (id_procedimientos_id) REFERENCES public.web_procedimientos(id) DEFERRABLE INITIALLY DEFERRED;


--
-- PostgreSQL database dump complete
--

